{
    "134061_CWE23_Relative_Path_Traversal__Environment_72a_bad_27_40": {
        "filename": "134061_CWE23_Relative_Path_Traversal__Environment_72a",
        "function_name": "bad",
        "code": "public void bad() throws Throwable\n    {\n        String data;\n\n        /* get environment variable ADD */\n        /* POTENTIAL FLAW: Read data from an environment variable */\n        data = System.getenv(\"ADD\");\n\n        Vector<String> dataVector = new Vector<String>(5);\n        dataVector.add(0, data);\n        dataVector.add(1, data);\n        dataVector.add(2, data);\n        (new CWE23_Relative_Path_Traversal__Environment_72b()).badSink(dataVector  );\n    }",
        "label": 1,
        "graph": "/home/tu/exp/Datasets/ForEXP/outputgraph/134061_CWE23_Relative_Path_Traversal__Environment_72a/0-cpg.dot",
        "buggy_line": {
            "33": "data = System.getenv(\"ADD\");"
        },
        "cwe_id": "CWE-23",
        "graph_community_sliced": "/home/tu/exp/Datasets/ForEXP/outputgraph_community/134061_CWE23_Relative_Path_Traversal__Environment_72a/134061_CWE23_Relative_Path_Traversal__Environment_72a_bad_27_40.dot"
    },
    "134061_CWE23_Relative_Path_Traversal__Environment_72a_good_42_45": {
        "filename": "134061_CWE23_Relative_Path_Traversal__Environment_72a",
        "function_name": "good",
        "code": "public void good() throws Throwable\n    {\n        goodG2B();\n    }",
        "label": 0,
        "graph": "/home/tu/exp/Datasets/ForEXP/outputgraph/134061_CWE23_Relative_Path_Traversal__Environment_72a/1-cpg.dot",
        "buggy_line": {},
        "cwe_id": [],
        "graph_community_sliced": "/home/tu/exp/Datasets/ForEXP/outputgraph_community/134061_CWE23_Relative_Path_Traversal__Environment_72a/134061_CWE23_Relative_Path_Traversal__Environment_72a_good_42_45.dot"
    },
    "134061_CWE23_Relative_Path_Traversal__Environment_72a_goodG2B_48_60": {
        "filename": "134061_CWE23_Relative_Path_Traversal__Environment_72a",
        "function_name": "goodG2B",
        "code": "private void goodG2B() throws Throwable\n    {\n        String data;\n\n        /* FIX: Use a hardcoded string */\n        data = \"foo\";\n\n        Vector<String> dataVector = new Vector<String>(5);\n        dataVector.add(0, data);\n        dataVector.add(1, data);\n        dataVector.add(2, data);\n        (new CWE23_Relative_Path_Traversal__Environment_72b()).goodG2BSink(dataVector  );\n    }",
        "label": 0,
        "graph": "/home/tu/exp/Datasets/ForEXP/outputgraph/134061_CWE23_Relative_Path_Traversal__Environment_72a/2-cpg.dot",
        "buggy_line": {},
        "cwe_id": [],
        "graph_community_sliced": "/home/tu/exp/Datasets/ForEXP/outputgraph_community/134061_CWE23_Relative_Path_Traversal__Environment_72a/134061_CWE23_Relative_Path_Traversal__Environment_72a_goodG2B_48_60.dot"
    },
    "134061_CWE23_Relative_Path_Traversal__Environment_72a_main_67_71": {
        "filename": "134061_CWE23_Relative_Path_Traversal__Environment_72a",
        "function_name": "main",
        "code": "public static void main(String[] args) throws ClassNotFoundException,\n           InstantiationException, IllegalAccessException\n    {\n        mainFromParent(args);\n    }",
        "label": 0,
        "graph": "/home/tu/exp/Datasets/ForEXP/outputgraph/134061_CWE23_Relative_Path_Traversal__Environment_72a/3-cpg.dot",
        "buggy_line": {},
        "cwe_id": [],
        "graph_community_sliced": "/home/tu/exp/Datasets/ForEXP/outputgraph_community/134061_CWE23_Relative_Path_Traversal__Environment_72a/134061_CWE23_Relative_Path_Traversal__Environment_72a_main_67_71.dot"
    }
}