{
    "134065_CWE23_Relative_Path_Traversal__Environment_81a_bad_26_36": {
        "filename": "134065_CWE23_Relative_Path_Traversal__Environment_81a",
        "function_name": "bad",
        "code": "public void bad() throws Throwable\n    {\n        String data;\n\n        /* get environment variable ADD */\n        /* POTENTIAL FLAW: Read data from an environment variable */\n        data = System.getenv(\"ADD\");\n\n        CWE23_Relative_Path_Traversal__Environment_81_base baseObject = new CWE23_Relative_Path_Traversal__Environment_81_bad();\n        baseObject.action(data );\n    }",
        "label": 1,
        "graph": "/home/tu/exp/Datasets/ForEXP/outputgraph/134065_CWE23_Relative_Path_Traversal__Environment_81a/0-cpg.dot",
        "buggy_line": {
            "32": "data = System.getenv(\"ADD\");"
        },
        "cwe_id": "CWE-23",
        "graph_community_sliced": "/home/tu/exp/Datasets/ForEXP/outputgraph_community/134065_CWE23_Relative_Path_Traversal__Environment_81a/134065_CWE23_Relative_Path_Traversal__Environment_81a_bad_26_36.dot"
    },
    "134065_CWE23_Relative_Path_Traversal__Environment_81a_good_38_41": {
        "filename": "134065_CWE23_Relative_Path_Traversal__Environment_81a",
        "function_name": "good",
        "code": "public void good() throws Throwable\n    {\n        goodG2B();\n    }",
        "label": 0,
        "graph": "/home/tu/exp/Datasets/ForEXP/outputgraph/134065_CWE23_Relative_Path_Traversal__Environment_81a/1-cpg.dot",
        "buggy_line": {},
        "cwe_id": [],
        "graph_community_sliced": "/home/tu/exp/Datasets/ForEXP/outputgraph_community/134065_CWE23_Relative_Path_Traversal__Environment_81a/134065_CWE23_Relative_Path_Traversal__Environment_81a_good_38_41.dot"
    },
    "134065_CWE23_Relative_Path_Traversal__Environment_81a_goodG2B_44_53": {
        "filename": "134065_CWE23_Relative_Path_Traversal__Environment_81a",
        "function_name": "goodG2B",
        "code": "private void goodG2B() throws Throwable\n    {\n        String data;\n\n        /* FIX: Use a hardcoded string */\n        data = \"foo\";\n\n        CWE23_Relative_Path_Traversal__Environment_81_base baseObject = new CWE23_Relative_Path_Traversal__Environment_81_goodG2B();\n        baseObject.action(data );\n    }",
        "label": 0,
        "graph": "/home/tu/exp/Datasets/ForEXP/outputgraph/134065_CWE23_Relative_Path_Traversal__Environment_81a/2-cpg.dot",
        "buggy_line": {},
        "cwe_id": [],
        "graph_community_sliced": "/home/tu/exp/Datasets/ForEXP/outputgraph_community/134065_CWE23_Relative_Path_Traversal__Environment_81a/134065_CWE23_Relative_Path_Traversal__Environment_81a_goodG2B_44_53.dot"
    },
    "134065_CWE23_Relative_Path_Traversal__Environment_81a_main_60_64": {
        "filename": "134065_CWE23_Relative_Path_Traversal__Environment_81a",
        "function_name": "main",
        "code": "public static void main(String[] args) throws ClassNotFoundException,\n           InstantiationException, IllegalAccessException\n    {\n        mainFromParent(args);\n    }",
        "label": 0,
        "graph": "/home/tu/exp/Datasets/ForEXP/outputgraph/134065_CWE23_Relative_Path_Traversal__Environment_81a/3-cpg.dot",
        "buggy_line": {},
        "cwe_id": [],
        "graph_community_sliced": "/home/tu/exp/Datasets/ForEXP/outputgraph_community/134065_CWE23_Relative_Path_Traversal__Environment_81a/134065_CWE23_Relative_Path_Traversal__Environment_81a_main_60_64.dot"
    }
}