{
    "134054_CWE23_Relative_Path_Traversal__Environment_53a_bad_26_35": {
        "filename": "134054_CWE23_Relative_Path_Traversal__Environment_53a",
        "function_name": "bad",
        "code": "public void bad() throws Throwable\n    {\n        String data;\n\n        /* get environment variable ADD */\n        /* POTENTIAL FLAW: Read data from an environment variable */\n        data = System.getenv(\"ADD\");\n\n        (new CWE23_Relative_Path_Traversal__Environment_53b()).badSink(data );\n    }",
        "label": 1,
        "graph": "/home/tu/exp/Datasets/ForEXP/outputgraph/134054_CWE23_Relative_Path_Traversal__Environment_53a/0-cpg.dot",
        "buggy_line": {
            "32": "data = System.getenv(\"ADD\");"
        },
        "cwe_id": "CWE-23",
        "graph_community_sliced": "/home/tu/exp/Datasets/ForEXP/outputgraph_community/134054_CWE23_Relative_Path_Traversal__Environment_53a/134054_CWE23_Relative_Path_Traversal__Environment_53a_bad_26_35.dot"
    },
    "134054_CWE23_Relative_Path_Traversal__Environment_53a_good_37_40": {
        "filename": "134054_CWE23_Relative_Path_Traversal__Environment_53a",
        "function_name": "good",
        "code": "public void good() throws Throwable\n    {\n        goodG2B();\n    }",
        "label": 0,
        "graph": "/home/tu/exp/Datasets/ForEXP/outputgraph/134054_CWE23_Relative_Path_Traversal__Environment_53a/1-cpg.dot",
        "buggy_line": {},
        "cwe_id": [],
        "graph_community_sliced": "/home/tu/exp/Datasets/ForEXP/outputgraph_community/134054_CWE23_Relative_Path_Traversal__Environment_53a/134054_CWE23_Relative_Path_Traversal__Environment_53a_good_37_40.dot"
    },
    "134054_CWE23_Relative_Path_Traversal__Environment_53a_goodG2B_43_51": {
        "filename": "134054_CWE23_Relative_Path_Traversal__Environment_53a",
        "function_name": "goodG2B",
        "code": "private void goodG2B() throws Throwable\n    {\n        String data;\n\n        /* FIX: Use a hardcoded string */\n        data = \"foo\";\n\n        (new CWE23_Relative_Path_Traversal__Environment_53b()).goodG2BSink(data );\n    }",
        "label": 0,
        "graph": "/home/tu/exp/Datasets/ForEXP/outputgraph/134054_CWE23_Relative_Path_Traversal__Environment_53a/2-cpg.dot",
        "buggy_line": {},
        "cwe_id": [],
        "graph_community_sliced": "/home/tu/exp/Datasets/ForEXP/outputgraph_community/134054_CWE23_Relative_Path_Traversal__Environment_53a/134054_CWE23_Relative_Path_Traversal__Environment_53a_goodG2B_43_51.dot"
    },
    "134054_CWE23_Relative_Path_Traversal__Environment_53a_main_58_62": {
        "filename": "134054_CWE23_Relative_Path_Traversal__Environment_53a",
        "function_name": "main",
        "code": "public static void main(String[] args) throws ClassNotFoundException,\n           InstantiationException, IllegalAccessException\n    {\n        mainFromParent(args);\n    }",
        "label": 0,
        "graph": "/home/tu/exp/Datasets/ForEXP/outputgraph/134054_CWE23_Relative_Path_Traversal__Environment_53a/3-cpg.dot",
        "buggy_line": {},
        "cwe_id": [],
        "graph_community_sliced": "/home/tu/exp/Datasets/ForEXP/outputgraph_community/134054_CWE23_Relative_Path_Traversal__Environment_53a/134054_CWE23_Relative_Path_Traversal__Environment_53a_main_58_62.dot"
    }
}