{
    "134072_CWE23_Relative_Path_Traversal__File_07_bad_41_189": {
        "filename": "134072_CWE23_Relative_Path_Traversal__File_07",
        "function_name": "bad",
        "code": "public void bad() throws Throwable\n    {\n        String data;\n        if (privateFive == 5)\n        {\n            data = \"\"; /* Initialize data */\n            {\n                File file = new File(\"C:\\\\data.txt\");\n                FileInputStream streamFileInput = null;\n                InputStreamReader readerInputStream = null;\n                BufferedReader readerBuffered = null;\n                try\n                {\n                    /* read string from file into data */\n                    streamFileInput = new FileInputStream(file);\n                    readerInputStream = new InputStreamReader(streamFileInput, \"UTF-8\");\n                    readerBuffered = new BufferedReader(readerInputStream);\n                    /* POTENTIAL FLAW: Read data from a file */\n                    /* This will be reading the first \"line\" of the file, which\n                     * could be very long if there are little or no newlines in the file */\n                    data = readerBuffered.readLine();\n                }\n                catch (IOException exceptIO)\n                {\n                    IO.logger.log(Level.WARNING, \"Error with stream reading\", exceptIO);\n                }\n                finally\n                {\n                    /* Close stream reading objects */\n                    try\n                    {\n                        if (readerBuffered != null)\n                        {\n                            readerBuffered.close();\n                        }\n                    }\n                    catch (IOException exceptIO)\n                    {\n                        IO.logger.log(Level.WARNING, \"Error closing BufferedReader\", exceptIO);\n                    }\n\n                    try\n                    {\n                        if (readerInputStream != null)\n                        {\n                            readerInputStream.close();\n                        }\n                    }\n                    catch (IOException exceptIO)\n                    {\n                        IO.logger.log(Level.WARNING, \"Error closing InputStreamReader\", exceptIO);\n                    }\n\n                    try\n                    {\n                        if (streamFileInput != null)\n                        {\n                            streamFileInput.close();\n                        }\n                    }\n                    catch (IOException exceptIO)\n                    {\n                        IO.logger.log(Level.WARNING, \"Error closing FileInputStream\", exceptIO);\n                    }\n                }\n            }\n        }\n        else\n        {\n            /* INCIDENTAL: CWE 561 Dead Code, the code below will never run\n             * but ensure data is inititialized before the Sink to avoid compiler errors */\n            data = null;\n        }\n\n        String root;\n        if(System.getProperty(\"os.name\").toLowerCase().indexOf(\"win\") >= 0)\n        {\n            /* running on Windows */\n            root = \"C:\\\\uploads\\\\\";\n        }\n        else\n        {\n            /* running on non-Windows */\n            root = \"/home/user/uploads/\";\n        }\n\n        if (data != null)\n        {\n            /* POTENTIAL FLAW: no validation of concatenated value */\n            File file = new File(root + data);\n            FileInputStream streamFileInputSink = null;\n            InputStreamReader readerInputStreamSink = null;\n            BufferedReader readerBufferdSink = null;\n            if (file.exists() && file.isFile())\n            {\n                try\n                {\n                    streamFileInputSink = new FileInputStream(file);\n                    readerInputStreamSink = new InputStreamReader(streamFileInputSink, \"UTF-8\");\n                    readerBufferdSink = new BufferedReader(readerInputStreamSink);\n                    IO.writeLine(readerBufferdSink.readLine());\n                }\n                catch (IOException exceptIO)\n                {\n                    IO.logger.log(Level.WARNING, \"Error with stream reading\", exceptIO);\n                }\n                finally\n                {\n                    /* Close stream reading objects */\n                    try\n                    {\n                        if (readerBufferdSink != null)\n                        {\n                            readerBufferdSink.close();\n                        }\n                    }\n                    catch (IOException exceptIO)\n                    {\n                        IO.logger.log(Level.WARNING, \"Error closing BufferedReader\", exceptIO);\n                    }\n\n                    try\n                    {\n                        if (readerInputStreamSink != null)\n                        {\n                            readerInputStreamSink.close();\n                        }\n                    }\n                    catch (IOException exceptIO)\n                    {\n                        IO.logger.log(Level.WARNING, \"Error closing InputStreamReader\", exceptIO);\n                    }\n\n                    try\n                    {\n                        if (streamFileInputSink != null)\n                        {\n                            streamFileInputSink.close();\n                        }\n                    }\n                    catch (IOException exceptIO)\n                    {\n                        IO.logger.log(Level.WARNING, \"Error closing FileInputStream\", exceptIO);\n                    }\n                }\n            }\n        }\n\n    }",
        "label": 1,
        "graph": "/home/tu/exp/Datasets/ForEXP/outputgraph/134072_CWE23_Relative_Path_Traversal__File_07/0-cpg.dot",
        "buggy_line": {
            "130": "File file = new File(root + data);",
            "61": "data = readerBuffered.readLine();"
        },
        "cwe_id": "CWE-23",
        "graph_community_sliced": "/home/tu/exp/Datasets/ForEXP/outputgraph_community/134072_CWE23_Relative_Path_Traversal__File_07/134072_CWE23_Relative_Path_Traversal__File_07_bad_41_189.dot"
    },
    "134072_CWE23_Relative_Path_Traversal__File_07_goodG2B1_192_283": {
        "filename": "134072_CWE23_Relative_Path_Traversal__File_07",
        "function_name": "goodG2B1",
        "code": "private void goodG2B1() throws Throwable\n    {\n        String data;\n        if (privateFive != 5)\n        {\n            /* INCIDENTAL: CWE 561 Dead Code, the code below will never run\n             * but ensure data is inititialized before the Sink to avoid compiler errors */\n            data = null;\n        }\n        else\n        {\n\n            /* FIX: Use a hardcoded string */\n            data = \"foo\";\n\n        }\n\n        String root;\n        if(System.getProperty(\"os.name\").toLowerCase().indexOf(\"win\") >= 0)\n        {\n            /* running on Windows */\n            root = \"C:\\\\uploads\\\\\";\n        }\n        else\n        {\n            /* running on non-Windows */\n            root = \"/home/user/uploads/\";\n        }\n\n        if (data != null)\n        {\n            /* POTENTIAL FLAW: no validation of concatenated value */\n            File file = new File(root + data);\n            FileInputStream streamFileInputSink = null;\n            InputStreamReader readerInputStreamSink = null;\n            BufferedReader readerBufferdSink = null;\n            if (file.exists() && file.isFile())\n            {\n                try\n                {\n                    streamFileInputSink = new FileInputStream(file);\n                    readerInputStreamSink = new InputStreamReader(streamFileInputSink, \"UTF-8\");\n                    readerBufferdSink = new BufferedReader(readerInputStreamSink);\n                    IO.writeLine(readerBufferdSink.readLine());\n                }\n                catch (IOException exceptIO)\n                {\n                    IO.logger.log(Level.WARNING, \"Error with stream reading\", exceptIO);\n                }\n                finally\n                {\n                    /* Close stream reading objects */\n                    try\n                    {\n                        if (readerBufferdSink != null)\n                        {\n                            readerBufferdSink.close();\n                        }\n                    }\n                    catch (IOException exceptIO)\n                    {\n                        IO.logger.log(Level.WARNING, \"Error closing BufferedReader\", exceptIO);\n                    }\n\n                    try\n                    {\n                        if (readerInputStreamSink != null)\n                        {\n                            readerInputStreamSink.close();\n                        }\n                    }\n                    catch (IOException exceptIO)\n                    {\n                        IO.logger.log(Level.WARNING, \"Error closing InputStreamReader\", exceptIO);\n                    }\n\n                    try\n                    {\n                        if (streamFileInputSink != null)\n                        {\n                            streamFileInputSink.close();\n                        }\n                    }\n                    catch (IOException exceptIO)\n                    {\n                        IO.logger.log(Level.WARNING, \"Error closing FileInputStream\", exceptIO);\n                    }\n                }\n            }\n        }\n\n    }",
        "label": 0,
        "graph": "/home/tu/exp/Datasets/ForEXP/outputgraph/134072_CWE23_Relative_Path_Traversal__File_07/1-cpg.dot",
        "buggy_line": {},
        "cwe_id": [],
        "graph_community_sliced": "/home/tu/exp/Datasets/ForEXP/outputgraph_community/134072_CWE23_Relative_Path_Traversal__File_07/134072_CWE23_Relative_Path_Traversal__File_07_goodG2B1_192_283.dot"
    },
    "134072_CWE23_Relative_Path_Traversal__File_07_goodG2B2_286_375": {
        "filename": "134072_CWE23_Relative_Path_Traversal__File_07",
        "function_name": "goodG2B2",
        "code": "private void goodG2B2() throws Throwable\n    {\n        String data;\n        if (privateFive == 5)\n        {\n            /* FIX: Use a hardcoded string */\n            data = \"foo\";\n        }\n        else\n        {\n            /* INCIDENTAL: CWE 561 Dead Code, the code below will never run\n             * but ensure data is inititialized before the Sink to avoid compiler errors */\n            data = null;\n        }\n\n        String root;\n        if(System.getProperty(\"os.name\").toLowerCase().indexOf(\"win\") >= 0)\n        {\n            /* running on Windows */\n            root = \"C:\\\\uploads\\\\\";\n        }\n        else\n        {\n            /* running on non-Windows */\n            root = \"/home/user/uploads/\";\n        }\n\n        if (data != null)\n        {\n            /* POTENTIAL FLAW: no validation of concatenated value */\n            File file = new File(root + data);\n            FileInputStream streamFileInputSink = null;\n            InputStreamReader readerInputStreamSink = null;\n            BufferedReader readerBufferdSink = null;\n            if (file.exists() && file.isFile())\n            {\n                try\n                {\n                    streamFileInputSink = new FileInputStream(file);\n                    readerInputStreamSink = new InputStreamReader(streamFileInputSink, \"UTF-8\");\n                    readerBufferdSink = new BufferedReader(readerInputStreamSink);\n                    IO.writeLine(readerBufferdSink.readLine());\n                }\n                catch (IOException exceptIO)\n                {\n                    IO.logger.log(Level.WARNING, \"Error with stream reading\", exceptIO);\n                }\n                finally\n                {\n                    /* Close stream reading objects */\n                    try\n                    {\n                        if (readerBufferdSink != null)\n                        {\n                            readerBufferdSink.close();\n                        }\n                    }\n                    catch (IOException exceptIO)\n                    {\n                        IO.logger.log(Level.WARNING, \"Error closing BufferedReader\", exceptIO);\n                    }\n\n                    try\n                    {\n                        if (readerInputStreamSink != null)\n                        {\n                            readerInputStreamSink.close();\n                        }\n                    }\n                    catch (IOException exceptIO)\n                    {\n                        IO.logger.log(Level.WARNING, \"Error closing InputStreamReader\", exceptIO);\n                    }\n\n                    try\n                    {\n                        if (streamFileInputSink != null)\n                        {\n                            streamFileInputSink.close();\n                        }\n                    }\n                    catch (IOException exceptIO)\n                    {\n                        IO.logger.log(Level.WARNING, \"Error closing FileInputStream\", exceptIO);\n                    }\n                }\n            }\n        }\n\n    }",
        "label": 0,
        "graph": "/home/tu/exp/Datasets/ForEXP/outputgraph/134072_CWE23_Relative_Path_Traversal__File_07/2-cpg.dot",
        "buggy_line": {},
        "cwe_id": [],
        "graph_community_sliced": "/home/tu/exp/Datasets/ForEXP/outputgraph_community/134072_CWE23_Relative_Path_Traversal__File_07/134072_CWE23_Relative_Path_Traversal__File_07_goodG2B2_286_375.dot"
    },
    "134072_CWE23_Relative_Path_Traversal__File_07_good_377_381": {
        "filename": "134072_CWE23_Relative_Path_Traversal__File_07",
        "function_name": "good",
        "code": "public void good() throws Throwable\n    {\n        goodG2B1();\n        goodG2B2();\n    }",
        "label": 0,
        "graph": "/home/tu/exp/Datasets/ForEXP/outputgraph/134072_CWE23_Relative_Path_Traversal__File_07/3-cpg.dot",
        "buggy_line": {},
        "cwe_id": [],
        "graph_community_sliced": "/home/tu/exp/Datasets/ForEXP/outputgraph_community/134072_CWE23_Relative_Path_Traversal__File_07/134072_CWE23_Relative_Path_Traversal__File_07_good_377_381.dot"
    },
    "134072_CWE23_Relative_Path_Traversal__File_07_main_388_392": {
        "filename": "134072_CWE23_Relative_Path_Traversal__File_07",
        "function_name": "main",
        "code": "public static void main(String[] args) throws ClassNotFoundException,\n           InstantiationException, IllegalAccessException\n    {\n        mainFromParent(args);\n    }",
        "label": 0,
        "graph": "/home/tu/exp/Datasets/ForEXP/outputgraph/134072_CWE23_Relative_Path_Traversal__File_07/4-cpg.dot",
        "buggy_line": {},
        "cwe_id": [],
        "graph_community_sliced": "/home/tu/exp/Datasets/ForEXP/outputgraph_community/134072_CWE23_Relative_Path_Traversal__File_07/134072_CWE23_Relative_Path_Traversal__File_07_main_388_392.dot"
    }
}