{
    "134135_CWE23_Relative_Path_Traversal__PropertiesFile_72a_bad_34_79": {
        "filename": "134135_CWE23_Relative_Path_Traversal__PropertiesFile_72a",
        "function_name": "bad",
        "code": "public void bad() throws Throwable\n    {\n        String data;\n\n        data = \"\"; /* Initialize data */\n\n        /* retrieve the property */\n        {\n            Properties properties = new Properties();\n            FileInputStream streamFileInput = null;\n\n            try\n            {\n                streamFileInput = new FileInputStream(\"../common/config.properties\");\n                properties.load(streamFileInput);\n\n                /* POTENTIAL FLAW: Read data from a .properties file */\n                data = properties.getProperty(\"data\");\n            }\n            catch (IOException exceptIO)\n            {\n                IO.logger.log(Level.WARNING, \"Error with stream reading\", exceptIO);\n            }\n            finally\n            {\n                /* Close stream reading object */\n                try\n                {\n                    if (streamFileInput != null)\n                    {\n                        streamFileInput.close();\n                    }\n                }\n                catch (IOException exceptIO)\n                {\n                    IO.logger.log(Level.WARNING, \"Error closing FileInputStream\", exceptIO);\n                }\n            }\n        }\n\n        Vector<String> dataVector = new Vector<String>(5);\n        dataVector.add(0, data);\n        dataVector.add(1, data);\n        dataVector.add(2, data);\n        (new CWE23_Relative_Path_Traversal__PropertiesFile_72b()).badSink(dataVector  );\n    }",
        "label": 1,
        "graph": "/home/tu/exp/Datasets/ForEXP/outputgraph/134135_CWE23_Relative_Path_Traversal__PropertiesFile_72a/0-cpg.dot",
        "buggy_line": {
            "51": "data = properties.getProperty(\"data\");"
        },
        "cwe_id": "CWE-23",
        "graph_community_sliced": "/home/tu/exp/Datasets/ForEXP/outputgraph_community/134135_CWE23_Relative_Path_Traversal__PropertiesFile_72a/134135_CWE23_Relative_Path_Traversal__PropertiesFile_72a_bad_34_79.dot"
    },
    "134135_CWE23_Relative_Path_Traversal__PropertiesFile_72a_good_81_84": {
        "filename": "134135_CWE23_Relative_Path_Traversal__PropertiesFile_72a",
        "function_name": "good",
        "code": "public void good() throws Throwable\n    {\n        goodG2B();\n    }",
        "label": 0,
        "graph": "/home/tu/exp/Datasets/ForEXP/outputgraph/134135_CWE23_Relative_Path_Traversal__PropertiesFile_72a/1-cpg.dot",
        "buggy_line": {},
        "cwe_id": [],
        "graph_community_sliced": "/home/tu/exp/Datasets/ForEXP/outputgraph_community/134135_CWE23_Relative_Path_Traversal__PropertiesFile_72a/134135_CWE23_Relative_Path_Traversal__PropertiesFile_72a_good_81_84.dot"
    },
    "134135_CWE23_Relative_Path_Traversal__PropertiesFile_72a_goodG2B_87_99": {
        "filename": "134135_CWE23_Relative_Path_Traversal__PropertiesFile_72a",
        "function_name": "goodG2B",
        "code": "private void goodG2B() throws Throwable\n    {\n        String data;\n\n        /* FIX: Use a hardcoded string */\n        data = \"foo\";\n\n        Vector<String> dataVector = new Vector<String>(5);\n        dataVector.add(0, data);\n        dataVector.add(1, data);\n        dataVector.add(2, data);\n        (new CWE23_Relative_Path_Traversal__PropertiesFile_72b()).goodG2BSink(dataVector  );\n    }",
        "label": 0,
        "graph": "/home/tu/exp/Datasets/ForEXP/outputgraph/134135_CWE23_Relative_Path_Traversal__PropertiesFile_72a/2-cpg.dot",
        "buggy_line": {},
        "cwe_id": [],
        "graph_community_sliced": "/home/tu/exp/Datasets/ForEXP/outputgraph_community/134135_CWE23_Relative_Path_Traversal__PropertiesFile_72a/134135_CWE23_Relative_Path_Traversal__PropertiesFile_72a_goodG2B_87_99.dot"
    },
    "134135_CWE23_Relative_Path_Traversal__PropertiesFile_72a_main_106_110": {
        "filename": "134135_CWE23_Relative_Path_Traversal__PropertiesFile_72a",
        "function_name": "main",
        "code": "public static void main(String[] args) throws ClassNotFoundException,\n           InstantiationException, IllegalAccessException\n    {\n        mainFromParent(args);\n    }",
        "label": 0,
        "graph": "/home/tu/exp/Datasets/ForEXP/outputgraph/134135_CWE23_Relative_Path_Traversal__PropertiesFile_72a/3-cpg.dot",
        "buggy_line": {},
        "cwe_id": [],
        "graph_community_sliced": "/home/tu/exp/Datasets/ForEXP/outputgraph_community/134135_CWE23_Relative_Path_Traversal__PropertiesFile_72a/134135_CWE23_Relative_Path_Traversal__PropertiesFile_72a_main_106_110.dot"
    }
}