{
    "134189_CWE23_Relative_Path_Traversal__URLConnection_13_bad_35_169": {
        "filename": "134189_CWE23_Relative_Path_Traversal__URLConnection_13",
        "function_name": "bad",
        "code": "public void bad() throws Throwable\n    {\n        String data;\n        if (IO.STATIC_FINAL_FIVE == 5)\n        {\n            data = \"\"; /* Initialize data */\n            /* read input from URLConnection */\n            {\n                URLConnection urlConnection = (new URL(\"http://www.example.org/\")).openConnection();\n                BufferedReader readerBuffered = null;\n                InputStreamReader readerInputStream = null;\n                try\n                {\n                    readerInputStream = new InputStreamReader(urlConnection.getInputStream(), \"UTF-8\");\n                    readerBuffered = new BufferedReader(readerInputStream);\n                    /* POTENTIAL FLAW: Read data from a web server with URLConnection */\n                    /* This will be reading the first \"line\" of the response body,\n                     * which could be very long if there are no newlines in the HTML */\n                    data = readerBuffered.readLine();\n                }\n                catch (IOException exceptIO)\n                {\n                    IO.logger.log(Level.WARNING, \"Error with stream reading\", exceptIO);\n                }\n                finally\n                {\n                    /* clean up stream reading objects */\n                    try\n                    {\n                        if (readerBuffered != null)\n                        {\n                            readerBuffered.close();\n                        }\n                    }\n                    catch (IOException exceptIO)\n                    {\n                        IO.logger.log(Level.WARNING, \"Error closing BufferedReader\", exceptIO);\n                    }\n\n                    try\n                    {\n                        if (readerInputStream != null)\n                        {\n                            readerInputStream.close();\n                        }\n                    }\n                    catch (IOException exceptIO)\n                    {\n                        IO.logger.log(Level.WARNING, \"Error closing InputStreamReader\", exceptIO);\n                    }\n                }\n            }\n        }\n        else\n        {\n            /* INCIDENTAL: CWE 561 Dead Code, the code below will never run\n             * but ensure data is inititialized before the Sink to avoid compiler errors */\n            data = null;\n        }\n\n        String root;\n        if(System.getProperty(\"os.name\").toLowerCase().indexOf(\"win\") >= 0)\n        {\n            /* running on Windows */\n            root = \"C:\\\\uploads\\\\\";\n        }\n        else\n        {\n            /* running on non-Windows */\n            root = \"/home/user/uploads/\";\n        }\n\n        if (data != null)\n        {\n            /* POTENTIAL FLAW: no validation of concatenated value */\n            File file = new File(root + data);\n            FileInputStream streamFileInputSink = null;\n            InputStreamReader readerInputStreamSink = null;\n            BufferedReader readerBufferdSink = null;\n            if (file.exists() && file.isFile())\n            {\n                try\n                {\n                    streamFileInputSink = new FileInputStream(file);\n                    readerInputStreamSink = new InputStreamReader(streamFileInputSink, \"UTF-8\");\n                    readerBufferdSink = new BufferedReader(readerInputStreamSink);\n                    IO.writeLine(readerBufferdSink.readLine());\n                }\n                catch (IOException exceptIO)\n                {\n                    IO.logger.log(Level.WARNING, \"Error with stream reading\", exceptIO);\n                }\n                finally\n                {\n                    /* Close stream reading objects */\n                    try\n                    {\n                        if (readerBufferdSink != null)\n                        {\n                            readerBufferdSink.close();\n                        }\n                    }\n                    catch (IOException exceptIO)\n                    {\n                        IO.logger.log(Level.WARNING, \"Error closing BufferedReader\", exceptIO);\n                    }\n\n                    try\n                    {\n                        if (readerInputStreamSink != null)\n                        {\n                            readerInputStreamSink.close();\n                        }\n                    }\n                    catch (IOException exceptIO)\n                    {\n                        IO.logger.log(Level.WARNING, \"Error closing InputStreamReader\", exceptIO);\n                    }\n\n                    try\n                    {\n                        if (streamFileInputSink != null)\n                        {\n                            streamFileInputSink.close();\n                        }\n                    }\n                    catch (IOException exceptIO)\n                    {\n                        IO.logger.log(Level.WARNING, \"Error closing FileInputStream\", exceptIO);\n                    }\n                }\n            }\n        }\n\n    }",
        "label": 1,
        "graph": "/home/tu/exp/Datasets/ForEXP/outputgraph/134189_CWE23_Relative_Path_Traversal__URLConnection_13/0-cpg.dot",
        "buggy_line": {
            "53": "data = readerBuffered.readLine();",
            "110": "File file = new File(root + data);"
        },
        "cwe_id": "CWE-23",
        "graph_community_sliced": "/home/tu/exp/Datasets/ForEXP/outputgraph_community/134189_CWE23_Relative_Path_Traversal__URLConnection_13/134189_CWE23_Relative_Path_Traversal__URLConnection_13_bad_35_169.dot"
    },
    "134189_CWE23_Relative_Path_Traversal__URLConnection_13_goodG2B1_172_263": {
        "filename": "134189_CWE23_Relative_Path_Traversal__URLConnection_13",
        "function_name": "goodG2B1",
        "code": "private void goodG2B1() throws Throwable\n    {\n        String data;\n        if (IO.STATIC_FINAL_FIVE != 5)\n        {\n            /* INCIDENTAL: CWE 561 Dead Code, the code below will never run\n             * but ensure data is inititialized before the Sink to avoid compiler errors */\n            data = null;\n        }\n        else\n        {\n\n            /* FIX: Use a hardcoded string */\n            data = \"foo\";\n\n        }\n\n        String root;\n        if(System.getProperty(\"os.name\").toLowerCase().indexOf(\"win\") >= 0)\n        {\n            /* running on Windows */\n            root = \"C:\\\\uploads\\\\\";\n        }\n        else\n        {\n            /* running on non-Windows */\n            root = \"/home/user/uploads/\";\n        }\n\n        if (data != null)\n        {\n            /* POTENTIAL FLAW: no validation of concatenated value */\n            File file = new File(root + data);\n            FileInputStream streamFileInputSink = null;\n            InputStreamReader readerInputStreamSink = null;\n            BufferedReader readerBufferdSink = null;\n            if (file.exists() && file.isFile())\n            {\n                try\n                {\n                    streamFileInputSink = new FileInputStream(file);\n                    readerInputStreamSink = new InputStreamReader(streamFileInputSink, \"UTF-8\");\n                    readerBufferdSink = new BufferedReader(readerInputStreamSink);\n                    IO.writeLine(readerBufferdSink.readLine());\n                }\n                catch (IOException exceptIO)\n                {\n                    IO.logger.log(Level.WARNING, \"Error with stream reading\", exceptIO);\n                }\n                finally\n                {\n                    /* Close stream reading objects */\n                    try\n                    {\n                        if (readerBufferdSink != null)\n                        {\n                            readerBufferdSink.close();\n                        }\n                    }\n                    catch (IOException exceptIO)\n                    {\n                        IO.logger.log(Level.WARNING, \"Error closing BufferedReader\", exceptIO);\n                    }\n\n                    try\n                    {\n                        if (readerInputStreamSink != null)\n                        {\n                            readerInputStreamSink.close();\n                        }\n                    }\n                    catch (IOException exceptIO)\n                    {\n                        IO.logger.log(Level.WARNING, \"Error closing InputStreamReader\", exceptIO);\n                    }\n\n                    try\n                    {\n                        if (streamFileInputSink != null)\n                        {\n                            streamFileInputSink.close();\n                        }\n                    }\n                    catch (IOException exceptIO)\n                    {\n                        IO.logger.log(Level.WARNING, \"Error closing FileInputStream\", exceptIO);\n                    }\n                }\n            }\n        }\n\n    }",
        "label": 0,
        "graph": "/home/tu/exp/Datasets/ForEXP/outputgraph/134189_CWE23_Relative_Path_Traversal__URLConnection_13/1-cpg.dot",
        "buggy_line": {},
        "cwe_id": [],
        "graph_community_sliced": "/home/tu/exp/Datasets/ForEXP/outputgraph_community/134189_CWE23_Relative_Path_Traversal__URLConnection_13/134189_CWE23_Relative_Path_Traversal__URLConnection_13_goodG2B1_172_263.dot"
    },
    "134189_CWE23_Relative_Path_Traversal__URLConnection_13_goodG2B2_266_355": {
        "filename": "134189_CWE23_Relative_Path_Traversal__URLConnection_13",
        "function_name": "goodG2B2",
        "code": "private void goodG2B2() throws Throwable\n    {\n        String data;\n        if (IO.STATIC_FINAL_FIVE == 5)\n        {\n            /* FIX: Use a hardcoded string */\n            data = \"foo\";\n        }\n        else\n        {\n            /* INCIDENTAL: CWE 561 Dead Code, the code below will never run\n             * but ensure data is inititialized before the Sink to avoid compiler errors */\n            data = null;\n        }\n\n        String root;\n        if(System.getProperty(\"os.name\").toLowerCase().indexOf(\"win\") >= 0)\n        {\n            /* running on Windows */\n            root = \"C:\\\\uploads\\\\\";\n        }\n        else\n        {\n            /* running on non-Windows */\n            root = \"/home/user/uploads/\";\n        }\n\n        if (data != null)\n        {\n            /* POTENTIAL FLAW: no validation of concatenated value */\n            File file = new File(root + data);\n            FileInputStream streamFileInputSink = null;\n            InputStreamReader readerInputStreamSink = null;\n            BufferedReader readerBufferdSink = null;\n            if (file.exists() && file.isFile())\n            {\n                try\n                {\n                    streamFileInputSink = new FileInputStream(file);\n                    readerInputStreamSink = new InputStreamReader(streamFileInputSink, \"UTF-8\");\n                    readerBufferdSink = new BufferedReader(readerInputStreamSink);\n                    IO.writeLine(readerBufferdSink.readLine());\n                }\n                catch (IOException exceptIO)\n                {\n                    IO.logger.log(Level.WARNING, \"Error with stream reading\", exceptIO);\n                }\n                finally\n                {\n                    /* Close stream reading objects */\n                    try\n                    {\n                        if (readerBufferdSink != null)\n                        {\n                            readerBufferdSink.close();\n                        }\n                    }\n                    catch (IOException exceptIO)\n                    {\n                        IO.logger.log(Level.WARNING, \"Error closing BufferedReader\", exceptIO);\n                    }\n\n                    try\n                    {\n                        if (readerInputStreamSink != null)\n                        {\n                            readerInputStreamSink.close();\n                        }\n                    }\n                    catch (IOException exceptIO)\n                    {\n                        IO.logger.log(Level.WARNING, \"Error closing InputStreamReader\", exceptIO);\n                    }\n\n                    try\n                    {\n                        if (streamFileInputSink != null)\n                        {\n                            streamFileInputSink.close();\n                        }\n                    }\n                    catch (IOException exceptIO)\n                    {\n                        IO.logger.log(Level.WARNING, \"Error closing FileInputStream\", exceptIO);\n                    }\n                }\n            }\n        }\n\n    }",
        "label": 0,
        "graph": "/home/tu/exp/Datasets/ForEXP/outputgraph/134189_CWE23_Relative_Path_Traversal__URLConnection_13/2-cpg.dot",
        "buggy_line": {},
        "cwe_id": [],
        "graph_community_sliced": "/home/tu/exp/Datasets/ForEXP/outputgraph_community/134189_CWE23_Relative_Path_Traversal__URLConnection_13/134189_CWE23_Relative_Path_Traversal__URLConnection_13_goodG2B2_266_355.dot"
    },
    "134189_CWE23_Relative_Path_Traversal__URLConnection_13_good_357_361": {
        "filename": "134189_CWE23_Relative_Path_Traversal__URLConnection_13",
        "function_name": "good",
        "code": "public void good() throws Throwable\n    {\n        goodG2B1();\n        goodG2B2();\n    }",
        "label": 0,
        "graph": "/home/tu/exp/Datasets/ForEXP/outputgraph/134189_CWE23_Relative_Path_Traversal__URLConnection_13/3-cpg.dot",
        "buggy_line": {},
        "cwe_id": [],
        "graph_community_sliced": "/home/tu/exp/Datasets/ForEXP/outputgraph_community/134189_CWE23_Relative_Path_Traversal__URLConnection_13/134189_CWE23_Relative_Path_Traversal__URLConnection_13_good_357_361.dot"
    },
    "134189_CWE23_Relative_Path_Traversal__URLConnection_13_main_368_372": {
        "filename": "134189_CWE23_Relative_Path_Traversal__URLConnection_13",
        "function_name": "main",
        "code": "public static void main(String[] args) throws ClassNotFoundException,\n           InstantiationException, IllegalAccessException\n    {\n        mainFromParent(args);\n    }",
        "label": 0,
        "graph": "/home/tu/exp/Datasets/ForEXP/outputgraph/134189_CWE23_Relative_Path_Traversal__URLConnection_13/4-cpg.dot",
        "buggy_line": {},
        "cwe_id": [],
        "graph_community_sliced": "/home/tu/exp/Datasets/ForEXP/outputgraph_community/134189_CWE23_Relative_Path_Traversal__URLConnection_13/134189_CWE23_Relative_Path_Traversal__URLConnection_13_main_368_372.dot"
    }
}