{
    "134170_CWE23_Relative_Path_Traversal__Property_68a_bad_27_35": {
        "filename": "134170_CWE23_Relative_Path_Traversal__Property_68a",
        "function_name": "bad",
        "code": "public void bad() throws Throwable\n    {\n\n        /* get system property user.home */\n        /* POTENTIAL FLAW: Read data from a system property */\n        data = System.getProperty(\"user.home\");\n\n        (new CWE23_Relative_Path_Traversal__Property_68b()).badSink();\n    }",
        "label": 1,
        "graph": "/home/tu/exp/Datasets/ForEXP/outputgraph/134170_CWE23_Relative_Path_Traversal__Property_68a/0-cpg.dot",
        "buggy_line": {
            "32": "data = System.getProperty(\"user.home\");"
        },
        "cwe_id": "CWE-23",
        "graph_community_sliced": "/home/tu/exp/Datasets/ForEXP/outputgraph_community/134170_CWE23_Relative_Path_Traversal__Property_68a/134170_CWE23_Relative_Path_Traversal__Property_68a_bad_27_35.dot"
    },
    "134170_CWE23_Relative_Path_Traversal__Property_68a_good_37_40": {
        "filename": "134170_CWE23_Relative_Path_Traversal__Property_68a",
        "function_name": "good",
        "code": "public void good() throws Throwable\n    {\n        goodG2B();\n    }",
        "label": 0,
        "graph": "/home/tu/exp/Datasets/ForEXP/outputgraph/134170_CWE23_Relative_Path_Traversal__Property_68a/1-cpg.dot",
        "buggy_line": {},
        "cwe_id": [],
        "graph_community_sliced": "/home/tu/exp/Datasets/ForEXP/outputgraph_community/134170_CWE23_Relative_Path_Traversal__Property_68a/134170_CWE23_Relative_Path_Traversal__Property_68a_good_37_40.dot"
    },
    "134170_CWE23_Relative_Path_Traversal__Property_68a_goodG2B_43_50": {
        "filename": "134170_CWE23_Relative_Path_Traversal__Property_68a",
        "function_name": "goodG2B",
        "code": "private void goodG2B() throws Throwable\n    {\n\n        /* FIX: Use a hardcoded string */\n        data = \"foo\";\n\n        (new CWE23_Relative_Path_Traversal__Property_68b()).goodG2BSink();\n    }",
        "label": 0,
        "graph": "/home/tu/exp/Datasets/ForEXP/outputgraph/134170_CWE23_Relative_Path_Traversal__Property_68a/2-cpg.dot",
        "buggy_line": {},
        "cwe_id": [],
        "graph_community_sliced": "/home/tu/exp/Datasets/ForEXP/outputgraph_community/134170_CWE23_Relative_Path_Traversal__Property_68a/134170_CWE23_Relative_Path_Traversal__Property_68a_goodG2B_43_50.dot"
    },
    "134170_CWE23_Relative_Path_Traversal__Property_68a_main_57_61": {
        "filename": "134170_CWE23_Relative_Path_Traversal__Property_68a",
        "function_name": "main",
        "code": "public static void main(String[] args) throws ClassNotFoundException,\n           InstantiationException, IllegalAccessException\n    {\n        mainFromParent(args);\n    }",
        "label": 0,
        "graph": "/home/tu/exp/Datasets/ForEXP/outputgraph/134170_CWE23_Relative_Path_Traversal__Property_68a/3-cpg.dot",
        "buggy_line": {},
        "cwe_id": [],
        "graph_community_sliced": "/home/tu/exp/Datasets/ForEXP/outputgraph_community/134170_CWE23_Relative_Path_Traversal__Property_68a/134170_CWE23_Relative_Path_Traversal__Property_68a_main_57_61.dot"
    }
}