{
    "134119_CWE23_Relative_Path_Traversal__PropertiesFile_17_bad_34_149": {
        "filename": "134119_CWE23_Relative_Path_Traversal__PropertiesFile_17",
        "function_name": "bad",
        "code": "public void bad() throws Throwable\n    {\n        String data;\n\n        data = \"\"; /* Initialize data */\n\n        /* retrieve the property */\n        {\n            Properties properties = new Properties();\n            FileInputStream streamFileInput = null;\n\n            try\n            {\n                streamFileInput = new FileInputStream(\"../common/config.properties\");\n                properties.load(streamFileInput);\n\n                /* POTENTIAL FLAW: Read data from a .properties file */\n                data = properties.getProperty(\"data\");\n            }\n            catch (IOException exceptIO)\n            {\n                IO.logger.log(Level.WARNING, \"Error with stream reading\", exceptIO);\n            }\n            finally\n            {\n                /* Close stream reading object */\n                try\n                {\n                    if (streamFileInput != null)\n                    {\n                        streamFileInput.close();\n                    }\n                }\n                catch (IOException exceptIO)\n                {\n                    IO.logger.log(Level.WARNING, \"Error closing FileInputStream\", exceptIO);\n                }\n            }\n        }\n\n        for (int i = 0; i < 1; i++)\n        {\n            String root;\n            if(System.getProperty(\"os.name\").toLowerCase().indexOf(\"win\") >= 0)\n            {\n                /* running on Windows */\n                root = \"C:\\\\uploads\\\\\";\n            }\n            else\n            {\n                /* running on non-Windows */\n                root = \"/home/user/uploads/\";\n            }\n            if (data != null)\n            {\n                /* POTENTIAL FLAW: no validation of concatenated value */\n                File file = new File(root + data);\n                FileInputStream streamFileInputSink = null;\n                InputStreamReader readerInputStreamSink = null;\n                BufferedReader readerBufferdSink = null;\n                if (file.exists() && file.isFile())\n                {\n                    try\n                    {\n                        streamFileInputSink = new FileInputStream(file);\n                        readerInputStreamSink = new InputStreamReader(streamFileInputSink, \"UTF-8\");\n                        readerBufferdSink = new BufferedReader(readerInputStreamSink);\n                        IO.writeLine(readerBufferdSink.readLine());\n                    }\n                    catch (IOException exceptIO)\n                    {\n                        IO.logger.log(Level.WARNING, \"Error with stream reading\", exceptIO);\n                    }\n                    finally\n                    {\n                        /* Close stream reading objects */\n                        try\n                        {\n                            if (readerBufferdSink != null)\n                            {\n                                readerBufferdSink.close();\n                            }\n                        }\n                        catch (IOException exceptIO)\n                        {\n                            IO.logger.log(Level.WARNING, \"Error closing BufferedReader\", exceptIO);\n                        }\n\n                        try\n                        {\n                            if (readerInputStreamSink != null)\n                            {\n                                readerInputStreamSink.close();\n                            }\n                        }\n                        catch (IOException exceptIO)\n                        {\n                            IO.logger.log(Level.WARNING, \"Error closing InputStreamReader\", exceptIO);\n                        }\n\n                        try\n                        {\n                            if (streamFileInputSink != null)\n                            {\n                                streamFileInputSink.close();\n                            }\n                        }\n                        catch (IOException exceptIO)\n                        {\n                            IO.logger.log(Level.WARNING, \"Error closing FileInputStream\", exceptIO);\n                        }\n                    }\n                }\n            }\n        }\n    }",
        "label": 1,
        "graph": "/home/tu/exp/Datasets/ForEXP/outputgraph/134119_CWE23_Relative_Path_Traversal__PropertiesFile_17/0-cpg.dot",
        "buggy_line": {
            "51": "data = properties.getProperty(\"data\");",
            "90": "File file = new File(root + data);"
        },
        "cwe_id": "CWE-23",
        "graph_community_sliced": "/home/tu/exp/Datasets/ForEXP/outputgraph_community/134119_CWE23_Relative_Path_Traversal__PropertiesFile_17/134119_CWE23_Relative_Path_Traversal__PropertiesFile_17_bad_34_149.dot"
    },
    "134119_CWE23_Relative_Path_Traversal__PropertiesFile_17_goodG2B_153_235": {
        "filename": "134119_CWE23_Relative_Path_Traversal__PropertiesFile_17",
        "function_name": "goodG2B",
        "code": "private void goodG2B() throws Throwable\n    {\n        String data;\n\n        /* FIX: Use a hardcoded string */\n        data = \"foo\";\n\n        for (int i = 0; i < 1; i++)\n        {\n            String root;\n            if(System.getProperty(\"os.name\").toLowerCase().indexOf(\"win\") >= 0)\n            {\n                /* running on Windows */\n                root = \"C:\\\\uploads\\\\\";\n            }\n            else\n            {\n                /* running on non-Windows */\n                root = \"/home/user/uploads/\";\n            }\n            if (data != null)\n            {\n                /* POTENTIAL FLAW: no validation of concatenated value */\n                File file = new File(root + data);\n                FileInputStream streamFileInputSink = null;\n                InputStreamReader readerInputStreamSink = null;\n                BufferedReader readerBufferdSink = null;\n                if (file.exists() && file.isFile())\n                {\n                    try\n                    {\n                        streamFileInputSink = new FileInputStream(file);\n                        readerInputStreamSink = new InputStreamReader(streamFileInputSink, \"UTF-8\");\n                        readerBufferdSink = new BufferedReader(readerInputStreamSink);\n                        IO.writeLine(readerBufferdSink.readLine());\n                    }\n                    catch (IOException exceptIO)\n                    {\n                        IO.logger.log(Level.WARNING, \"Error with stream reading\", exceptIO);\n                    }\n                    finally\n                    {\n                        /* Close stream reading objects */\n                        try\n                        {\n                            if (readerBufferdSink != null)\n                            {\n                                readerBufferdSink.close();\n                            }\n                        }\n                        catch (IOException exceptIO)\n                        {\n                            IO.logger.log(Level.WARNING, \"Error closing BufferedReader\", exceptIO);\n                        }\n\n                        try\n                        {\n                            if (readerInputStreamSink != null)\n                            {\n                                readerInputStreamSink.close();\n                            }\n                        }\n                        catch (IOException exceptIO)\n                        {\n                            IO.logger.log(Level.WARNING, \"Error closing InputStreamReader\", exceptIO);\n                        }\n\n                        try\n                        {\n                            if (streamFileInputSink != null)\n                            {\n                                streamFileInputSink.close();\n                            }\n                        }\n                        catch (IOException exceptIO)\n                        {\n                            IO.logger.log(Level.WARNING, \"Error closing FileInputStream\", exceptIO);\n                        }\n                    }\n                }\n            }\n        }\n    }",
        "label": 0,
        "graph": "/home/tu/exp/Datasets/ForEXP/outputgraph/134119_CWE23_Relative_Path_Traversal__PropertiesFile_17/1-cpg.dot",
        "buggy_line": {},
        "cwe_id": [],
        "graph_community_sliced": "/home/tu/exp/Datasets/ForEXP/outputgraph_community/134119_CWE23_Relative_Path_Traversal__PropertiesFile_17/134119_CWE23_Relative_Path_Traversal__PropertiesFile_17_goodG2B_153_235.dot"
    },
    "134119_CWE23_Relative_Path_Traversal__PropertiesFile_17_good_237_240": {
        "filename": "134119_CWE23_Relative_Path_Traversal__PropertiesFile_17",
        "function_name": "good",
        "code": "public void good() throws Throwable\n    {\n        goodG2B();\n    }",
        "label": 0,
        "graph": "/home/tu/exp/Datasets/ForEXP/outputgraph/134119_CWE23_Relative_Path_Traversal__PropertiesFile_17/2-cpg.dot",
        "buggy_line": {},
        "cwe_id": [],
        "graph_community_sliced": "/home/tu/exp/Datasets/ForEXP/outputgraph_community/134119_CWE23_Relative_Path_Traversal__PropertiesFile_17/134119_CWE23_Relative_Path_Traversal__PropertiesFile_17_good_237_240.dot"
    },
    "134119_CWE23_Relative_Path_Traversal__PropertiesFile_17_main_247_251": {
        "filename": "134119_CWE23_Relative_Path_Traversal__PropertiesFile_17",
        "function_name": "main",
        "code": "public static void main(String[] args) throws ClassNotFoundException,\n           InstantiationException, IllegalAccessException\n    {\n        mainFromParent(args);\n    }",
        "label": 0,
        "graph": "/home/tu/exp/Datasets/ForEXP/outputgraph/134119_CWE23_Relative_Path_Traversal__PropertiesFile_17/3-cpg.dot",
        "buggy_line": {},
        "cwe_id": [],
        "graph_community_sliced": "/home/tu/exp/Datasets/ForEXP/outputgraph_community/134119_CWE23_Relative_Path_Traversal__PropertiesFile_17/134119_CWE23_Relative_Path_Traversal__PropertiesFile_17_main_247_251.dot"
    }
}