{
    "134166_CWE23_Relative_Path_Traversal__Property_54a_bad_26_35": {
        "filename": "134166_CWE23_Relative_Path_Traversal__Property_54a",
        "function_name": "bad",
        "code": "public void bad() throws Throwable\n    {\n        String data;\n\n        /* get system property user.home */\n        /* POTENTIAL FLAW: Read data from a system property */\n        data = System.getProperty(\"user.home\");\n\n        (new CWE23_Relative_Path_Traversal__Property_54b()).badSink(data );\n    }",
        "label": 1,
        "graph": "/home/tu/exp/Datasets/ForEXP/outputgraph/134166_CWE23_Relative_Path_Traversal__Property_54a/0-cpg.dot",
        "buggy_line": {
            "32": "data = System.getProperty(\"user.home\");"
        },
        "cwe_id": "CWE-23",
        "graph_community_sliced": "/home/tu/exp/Datasets/ForEXP/outputgraph_community/134166_CWE23_Relative_Path_Traversal__Property_54a/134166_CWE23_Relative_Path_Traversal__Property_54a_bad_26_35.dot"
    },
    "134166_CWE23_Relative_Path_Traversal__Property_54a_good_37_40": {
        "filename": "134166_CWE23_Relative_Path_Traversal__Property_54a",
        "function_name": "good",
        "code": "public void good() throws Throwable\n    {\n        goodG2B();\n    }",
        "label": 0,
        "graph": "/home/tu/exp/Datasets/ForEXP/outputgraph/134166_CWE23_Relative_Path_Traversal__Property_54a/1-cpg.dot",
        "buggy_line": {},
        "cwe_id": [],
        "graph_community_sliced": "/home/tu/exp/Datasets/ForEXP/outputgraph_community/134166_CWE23_Relative_Path_Traversal__Property_54a/134166_CWE23_Relative_Path_Traversal__Property_54a_good_37_40.dot"
    },
    "134166_CWE23_Relative_Path_Traversal__Property_54a_goodG2B_43_51": {
        "filename": "134166_CWE23_Relative_Path_Traversal__Property_54a",
        "function_name": "goodG2B",
        "code": "private void goodG2B() throws Throwable\n    {\n        String data;\n\n        /* FIX: Use a hardcoded string */\n        data = \"foo\";\n\n        (new CWE23_Relative_Path_Traversal__Property_54b()).goodG2BSink(data );\n    }",
        "label": 0,
        "graph": "/home/tu/exp/Datasets/ForEXP/outputgraph/134166_CWE23_Relative_Path_Traversal__Property_54a/2-cpg.dot",
        "buggy_line": {},
        "cwe_id": [],
        "graph_community_sliced": "/home/tu/exp/Datasets/ForEXP/outputgraph_community/134166_CWE23_Relative_Path_Traversal__Property_54a/134166_CWE23_Relative_Path_Traversal__Property_54a_goodG2B_43_51.dot"
    },
    "134166_CWE23_Relative_Path_Traversal__Property_54a_main_58_62": {
        "filename": "134166_CWE23_Relative_Path_Traversal__Property_54a",
        "function_name": "main",
        "code": "public static void main(String[] args) throws ClassNotFoundException,\n           InstantiationException, IllegalAccessException\n    {\n        mainFromParent(args);\n    }",
        "label": 0,
        "graph": "/home/tu/exp/Datasets/ForEXP/outputgraph/134166_CWE23_Relative_Path_Traversal__Property_54a/3-cpg.dot",
        "buggy_line": {},
        "cwe_id": [],
        "graph_community_sliced": "/home/tu/exp/Datasets/ForEXP/outputgraph_community/134166_CWE23_Relative_Path_Traversal__Property_54a/134166_CWE23_Relative_Path_Traversal__Property_54a_main_58_62.dot"
    }
}