{
    "134133_CWE23_Relative_Path_Traversal__PropertiesFile_68a_bad_34_74": {
        "filename": "134133_CWE23_Relative_Path_Traversal__PropertiesFile_68a",
        "function_name": "bad",
        "code": "public void bad() throws Throwable\n    {\n\n        data = \"\"; /* Initialize data */\n\n        /* retrieve the property */\n        {\n            Properties properties = new Properties();\n            FileInputStream streamFileInput = null;\n\n            try\n            {\n                streamFileInput = new FileInputStream(\"../common/config.properties\");\n                properties.load(streamFileInput);\n\n                /* POTENTIAL FLAW: Read data from a .properties file */\n                data = properties.getProperty(\"data\");\n            }\n            catch (IOException exceptIO)\n            {\n                IO.logger.log(Level.WARNING, \"Error with stream reading\", exceptIO);\n            }\n            finally\n            {\n                /* Close stream reading object */\n                try\n                {\n                    if (streamFileInput != null)\n                    {\n                        streamFileInput.close();\n                    }\n                }\n                catch (IOException exceptIO)\n                {\n                    IO.logger.log(Level.WARNING, \"Error closing FileInputStream\", exceptIO);\n                }\n            }\n        }\n\n        (new CWE23_Relative_Path_Traversal__PropertiesFile_68b()).badSink();\n    }",
        "label": 1,
        "graph": "/home/tu/exp/Datasets/ForEXP/outputgraph/134133_CWE23_Relative_Path_Traversal__PropertiesFile_68a/0-cpg.dot",
        "buggy_line": {
            "50": "data = properties.getProperty(\"data\");"
        },
        "cwe_id": "CWE-23",
        "graph_community_sliced": "/home/tu/exp/Datasets/ForEXP/outputgraph_community/134133_CWE23_Relative_Path_Traversal__PropertiesFile_68a/134133_CWE23_Relative_Path_Traversal__PropertiesFile_68a_bad_34_74.dot"
    },
    "134133_CWE23_Relative_Path_Traversal__PropertiesFile_68a_good_76_79": {
        "filename": "134133_CWE23_Relative_Path_Traversal__PropertiesFile_68a",
        "function_name": "good",
        "code": "public void good() throws Throwable\n    {\n        goodG2B();\n    }",
        "label": 0,
        "graph": "/home/tu/exp/Datasets/ForEXP/outputgraph/134133_CWE23_Relative_Path_Traversal__PropertiesFile_68a/1-cpg.dot",
        "buggy_line": {},
        "cwe_id": [],
        "graph_community_sliced": "/home/tu/exp/Datasets/ForEXP/outputgraph_community/134133_CWE23_Relative_Path_Traversal__PropertiesFile_68a/134133_CWE23_Relative_Path_Traversal__PropertiesFile_68a_good_76_79.dot"
    },
    "134133_CWE23_Relative_Path_Traversal__PropertiesFile_68a_goodG2B_82_89": {
        "filename": "134133_CWE23_Relative_Path_Traversal__PropertiesFile_68a",
        "function_name": "goodG2B",
        "code": "private void goodG2B() throws Throwable\n    {\n\n        /* FIX: Use a hardcoded string */\n        data = \"foo\";\n\n        (new CWE23_Relative_Path_Traversal__PropertiesFile_68b()).goodG2BSink();\n    }",
        "label": 0,
        "graph": "/home/tu/exp/Datasets/ForEXP/outputgraph/134133_CWE23_Relative_Path_Traversal__PropertiesFile_68a/2-cpg.dot",
        "buggy_line": {},
        "cwe_id": [],
        "graph_community_sliced": "/home/tu/exp/Datasets/ForEXP/outputgraph_community/134133_CWE23_Relative_Path_Traversal__PropertiesFile_68a/134133_CWE23_Relative_Path_Traversal__PropertiesFile_68a_goodG2B_82_89.dot"
    },
    "134133_CWE23_Relative_Path_Traversal__PropertiesFile_68a_main_96_100": {
        "filename": "134133_CWE23_Relative_Path_Traversal__PropertiesFile_68a",
        "function_name": "main",
        "code": "public static void main(String[] args) throws ClassNotFoundException,\n           InstantiationException, IllegalAccessException\n    {\n        mainFromParent(args);\n    }",
        "label": 0,
        "graph": "/home/tu/exp/Datasets/ForEXP/outputgraph/134133_CWE23_Relative_Path_Traversal__PropertiesFile_68a/3-cpg.dot",
        "buggy_line": {},
        "cwe_id": [],
        "graph_community_sliced": "/home/tu/exp/Datasets/ForEXP/outputgraph_community/134133_CWE23_Relative_Path_Traversal__PropertiesFile_68a/134133_CWE23_Relative_Path_Traversal__PropertiesFile_68a_main_96_100.dot"
    }
}