{
    "134242_CWE23_Relative_Path_Traversal__connect_tcp_66a_bad_33_107": {
        "filename": "134242_CWE23_Relative_Path_Traversal__connect_tcp_66a",
        "function_name": "bad",
        "code": "public void bad() throws Throwable\n    {\n        String data;\n\n        data = \"\"; /* Initialize data */\n\n        /* Read data using an outbound tcp connection */\n        {\n            Socket socket = null;\n            BufferedReader readerBuffered = null;\n            InputStreamReader readerInputStream = null;\n\n            try\n            {\n                /* Read data using an outbound tcp connection */\n                socket = new Socket(\"host.example.org\", 39544);\n\n                /* read input from socket */\n\n                readerInputStream = new InputStreamReader(socket.getInputStream(), \"UTF-8\");\n                readerBuffered = new BufferedReader(readerInputStream);\n\n                /* POTENTIAL FLAW: Read data using an outbound tcp connection */\n                data = readerBuffered.readLine();\n            }\n            catch (IOException exceptIO)\n            {\n                IO.logger.log(Level.WARNING, \"Error with stream reading\", exceptIO);\n            }\n            finally\n            {\n                /* clean up stream reading objects */\n                try\n                {\n                    if (readerBuffered != null)\n                    {\n                        readerBuffered.close();\n                    }\n                }\n                catch (IOException exceptIO)\n                {\n                    IO.logger.log(Level.WARNING, \"Error closing BufferedReader\", exceptIO);\n                }\n\n                try\n                {\n                    if (readerInputStream != null)\n                    {\n                        readerInputStream.close();\n                    }\n                }\n                catch (IOException exceptIO)\n                {\n                    IO.logger.log(Level.WARNING, \"Error closing InputStreamReader\", exceptIO);\n                }\n\n                /* clean up socket objects */\n                try\n                {\n                    if (socket != null)\n                    {\n                        socket.close();\n                    }\n                }\n                catch (IOException exceptIO)\n                {\n                    IO.logger.log(Level.WARNING, \"Error closing Socket\", exceptIO);\n                }\n            }\n        }\n\n        String[] dataArray = new String[5];\n        dataArray[2] = data;\n        (new CWE23_Relative_Path_Traversal__connect_tcp_66b()).badSink(dataArray  );\n    }",
        "label": 1,
        "graph": "/home/tu/exp/Datasets/ForEXP/outputgraph/134242_CWE23_Relative_Path_Traversal__connect_tcp_66a/0-cpg.dot",
        "buggy_line": {
            "56": "data = readerBuffered.readLine();"
        },
        "cwe_id": "CWE-23",
        "graph_community_sliced": "/home/tu/exp/Datasets/ForEXP/outputgraph_community/134242_CWE23_Relative_Path_Traversal__connect_tcp_66a/134242_CWE23_Relative_Path_Traversal__connect_tcp_66a_bad_33_107.dot"
    },
    "134242_CWE23_Relative_Path_Traversal__connect_tcp_66a_good_109_112": {
        "filename": "134242_CWE23_Relative_Path_Traversal__connect_tcp_66a",
        "function_name": "good",
        "code": "public void good() throws Throwable\n    {\n        goodG2B();\n    }",
        "label": 0,
        "graph": "/home/tu/exp/Datasets/ForEXP/outputgraph/134242_CWE23_Relative_Path_Traversal__connect_tcp_66a/1-cpg.dot",
        "buggy_line": {},
        "cwe_id": [],
        "graph_community_sliced": "/home/tu/exp/Datasets/ForEXP/outputgraph_community/134242_CWE23_Relative_Path_Traversal__connect_tcp_66a/134242_CWE23_Relative_Path_Traversal__connect_tcp_66a_good_109_112.dot"
    },
    "134242_CWE23_Relative_Path_Traversal__connect_tcp_66a_goodG2B_115_125": {
        "filename": "134242_CWE23_Relative_Path_Traversal__connect_tcp_66a",
        "function_name": "goodG2B",
        "code": "private void goodG2B() throws Throwable\n    {\n        String data;\n\n        /* FIX: Use a hardcoded string */\n        data = \"foo\";\n\n        String[] dataArray = new String[5];\n        dataArray[2] = data;\n        (new CWE23_Relative_Path_Traversal__connect_tcp_66b()).goodG2BSink(dataArray  );\n    }",
        "label": 0,
        "graph": "/home/tu/exp/Datasets/ForEXP/outputgraph/134242_CWE23_Relative_Path_Traversal__connect_tcp_66a/2-cpg.dot",
        "buggy_line": {},
        "cwe_id": [],
        "graph_community_sliced": "/home/tu/exp/Datasets/ForEXP/outputgraph_community/134242_CWE23_Relative_Path_Traversal__connect_tcp_66a/134242_CWE23_Relative_Path_Traversal__connect_tcp_66a_goodG2B_115_125.dot"
    },
    "134242_CWE23_Relative_Path_Traversal__connect_tcp_66a_main_132_136": {
        "filename": "134242_CWE23_Relative_Path_Traversal__connect_tcp_66a",
        "function_name": "main",
        "code": "public static void main(String[] args) throws ClassNotFoundException,\n           InstantiationException, IllegalAccessException\n    {\n        mainFromParent(args);\n    }",
        "label": 0,
        "graph": "/home/tu/exp/Datasets/ForEXP/outputgraph/134242_CWE23_Relative_Path_Traversal__connect_tcp_66a/3-cpg.dot",
        "buggy_line": {},
        "cwe_id": [],
        "graph_community_sliced": "/home/tu/exp/Datasets/ForEXP/outputgraph_community/134242_CWE23_Relative_Path_Traversal__connect_tcp_66a/134242_CWE23_Relative_Path_Traversal__connect_tcp_66a_main_132_136.dot"
    }
}