{
    "134283_CWE23_Relative_Path_Traversal__console_readLine_72a_bad_33_90": {
        "filename": "134283_CWE23_Relative_Path_Traversal__console_readLine_72a",
        "function_name": "bad",
        "code": "public void bad() throws Throwable\n    {\n        String data;\n\n        data = \"\"; /* Initialize data */\n\n        {\n            InputStreamReader readerInputStream = null;\n            BufferedReader readerBuffered = null;\n\n            /* read user input from console with readLine */\n            try\n            {\n                readerInputStream = new InputStreamReader(System.in, \"UTF-8\");\n                readerBuffered = new BufferedReader(readerInputStream);\n\n                /* POTENTIAL FLAW: Read data from the console using readLine */\n                data = readerBuffered.readLine();\n            }\n            catch (IOException exceptIO)\n            {\n                IO.logger.log(Level.WARNING, \"Error with stream reading\", exceptIO);\n            }\n            finally\n            {\n                try\n                {\n                    if (readerBuffered != null)\n                    {\n                        readerBuffered.close();\n                    }\n                }\n                catch (IOException exceptIO)\n                {\n                    IO.logger.log(Level.WARNING, \"Error closing BufferedReader\", exceptIO);\n                }\n\n                try\n                {\n                    if (readerInputStream != null)\n                    {\n                        readerInputStream.close();\n                    }\n                }\n                catch (IOException exceptIO)\n                {\n                    IO.logger.log(Level.WARNING, \"Error closing InputStreamReader\", exceptIO);\n                }\n            }\n        }\n        /* NOTE: Tools may report a flaw here because buffread and isr are not closed.  Unfortunately, closing those will close System.in, which will cause any future attempts to read from the console to fail and throw an exception */\n\n        Vector<String> dataVector = new Vector<String>(5);\n        dataVector.add(0, data);\n        dataVector.add(1, data);\n        dataVector.add(2, data);\n        (new CWE23_Relative_Path_Traversal__console_readLine_72b()).badSink(dataVector  );\n    }",
        "label": 1,
        "graph": "/home/tu/exp/Datasets/ForEXP/outputgraph/134283_CWE23_Relative_Path_Traversal__console_readLine_72a/0-cpg.dot",
        "buggy_line": {
            "50": "data = readerBuffered.readLine();"
        },
        "cwe_id": "CWE-23",
        "graph_community_sliced": "/home/tu/exp/Datasets/ForEXP/outputgraph_community/134283_CWE23_Relative_Path_Traversal__console_readLine_72a/134283_CWE23_Relative_Path_Traversal__console_readLine_72a_bad_33_90.dot"
    },
    "134283_CWE23_Relative_Path_Traversal__console_readLine_72a_good_92_95": {
        "filename": "134283_CWE23_Relative_Path_Traversal__console_readLine_72a",
        "function_name": "good",
        "code": "public void good() throws Throwable\n    {\n        goodG2B();\n    }",
        "label": 0,
        "graph": "/home/tu/exp/Datasets/ForEXP/outputgraph/134283_CWE23_Relative_Path_Traversal__console_readLine_72a/1-cpg.dot",
        "buggy_line": {},
        "cwe_id": [],
        "graph_community_sliced": "/home/tu/exp/Datasets/ForEXP/outputgraph_community/134283_CWE23_Relative_Path_Traversal__console_readLine_72a/134283_CWE23_Relative_Path_Traversal__console_readLine_72a_good_92_95.dot"
    },
    "134283_CWE23_Relative_Path_Traversal__console_readLine_72a_goodG2B_98_110": {
        "filename": "134283_CWE23_Relative_Path_Traversal__console_readLine_72a",
        "function_name": "goodG2B",
        "code": "private void goodG2B() throws Throwable\n    {\n        String data;\n\n        /* FIX: Use a hardcoded string */\n        data = \"foo\";\n\n        Vector<String> dataVector = new Vector<String>(5);\n        dataVector.add(0, data);\n        dataVector.add(1, data);\n        dataVector.add(2, data);\n        (new CWE23_Relative_Path_Traversal__console_readLine_72b()).goodG2BSink(dataVector  );\n    }",
        "label": 0,
        "graph": "/home/tu/exp/Datasets/ForEXP/outputgraph/134283_CWE23_Relative_Path_Traversal__console_readLine_72a/2-cpg.dot",
        "buggy_line": {},
        "cwe_id": [],
        "graph_community_sliced": "/home/tu/exp/Datasets/ForEXP/outputgraph_community/134283_CWE23_Relative_Path_Traversal__console_readLine_72a/134283_CWE23_Relative_Path_Traversal__console_readLine_72a_goodG2B_98_110.dot"
    },
    "134283_CWE23_Relative_Path_Traversal__console_readLine_72a_main_117_121": {
        "filename": "134283_CWE23_Relative_Path_Traversal__console_readLine_72a",
        "function_name": "main",
        "code": "public static void main(String[] args) throws ClassNotFoundException,\n           InstantiationException, IllegalAccessException\n    {\n        mainFromParent(args);\n    }",
        "label": 0,
        "graph": "/home/tu/exp/Datasets/ForEXP/outputgraph/134283_CWE23_Relative_Path_Traversal__console_readLine_72a/3-cpg.dot",
        "buggy_line": {},
        "cwe_id": [],
        "graph_community_sliced": "/home/tu/exp/Datasets/ForEXP/outputgraph_community/134283_CWE23_Relative_Path_Traversal__console_readLine_72a/134283_CWE23_Relative_Path_Traversal__console_readLine_72a_main_117_121.dot"
    }
}