{
    "134250_CWE23_Relative_Path_Traversal__connect_tcp_81a_bad_33_106": {
        "filename": "134250_CWE23_Relative_Path_Traversal__connect_tcp_81a",
        "function_name": "bad",
        "code": "public void bad() throws Throwable\n    {\n        String data;\n\n        data = \"\"; /* Initialize data */\n\n        /* Read data using an outbound tcp connection */\n        {\n            Socket socket = null;\n            BufferedReader readerBuffered = null;\n            InputStreamReader readerInputStream = null;\n\n            try\n            {\n                /* Read data using an outbound tcp connection */\n                socket = new Socket(\"host.example.org\", 39544);\n\n                /* read input from socket */\n\n                readerInputStream = new InputStreamReader(socket.getInputStream(), \"UTF-8\");\n                readerBuffered = new BufferedReader(readerInputStream);\n\n                /* POTENTIAL FLAW: Read data using an outbound tcp connection */\n                data = readerBuffered.readLine();\n            }\n            catch (IOException exceptIO)\n            {\n                IO.logger.log(Level.WARNING, \"Error with stream reading\", exceptIO);\n            }\n            finally\n            {\n                /* clean up stream reading objects */\n                try\n                {\n                    if (readerBuffered != null)\n                    {\n                        readerBuffered.close();\n                    }\n                }\n                catch (IOException exceptIO)\n                {\n                    IO.logger.log(Level.WARNING, \"Error closing BufferedReader\", exceptIO);\n                }\n\n                try\n                {\n                    if (readerInputStream != null)\n                    {\n                        readerInputStream.close();\n                    }\n                }\n                catch (IOException exceptIO)\n                {\n                    IO.logger.log(Level.WARNING, \"Error closing InputStreamReader\", exceptIO);\n                }\n\n                /* clean up socket objects */\n                try\n                {\n                    if (socket != null)\n                    {\n                        socket.close();\n                    }\n                }\n                catch (IOException exceptIO)\n                {\n                    IO.logger.log(Level.WARNING, \"Error closing Socket\", exceptIO);\n                }\n            }\n        }\n\n        CWE23_Relative_Path_Traversal__connect_tcp_81_base baseObject = new CWE23_Relative_Path_Traversal__connect_tcp_81_bad();\n        baseObject.action(data );\n    }",
        "label": 1,
        "graph": "/home/tu/exp/Datasets/ForEXP/outputgraph/134250_CWE23_Relative_Path_Traversal__connect_tcp_81a/0-cpg.dot",
        "buggy_line": {
            "56": "data = readerBuffered.readLine();"
        },
        "cwe_id": "CWE-23",
        "graph_community_sliced": "/home/tu/exp/Datasets/ForEXP/outputgraph_community/134250_CWE23_Relative_Path_Traversal__connect_tcp_81a/134250_CWE23_Relative_Path_Traversal__connect_tcp_81a_bad_33_106.dot"
    },
    "134250_CWE23_Relative_Path_Traversal__connect_tcp_81a_good_108_111": {
        "filename": "134250_CWE23_Relative_Path_Traversal__connect_tcp_81a",
        "function_name": "good",
        "code": "public void good() throws Throwable\n    {\n        goodG2B();\n    }",
        "label": 0,
        "graph": "/home/tu/exp/Datasets/ForEXP/outputgraph/134250_CWE23_Relative_Path_Traversal__connect_tcp_81a/1-cpg.dot",
        "buggy_line": {},
        "cwe_id": [],
        "graph_community_sliced": "/home/tu/exp/Datasets/ForEXP/outputgraph_community/134250_CWE23_Relative_Path_Traversal__connect_tcp_81a/134250_CWE23_Relative_Path_Traversal__connect_tcp_81a_good_108_111.dot"
    },
    "134250_CWE23_Relative_Path_Traversal__connect_tcp_81a_goodG2B_114_123": {
        "filename": "134250_CWE23_Relative_Path_Traversal__connect_tcp_81a",
        "function_name": "goodG2B",
        "code": "private void goodG2B() throws Throwable\n    {\n        String data;\n\n        /* FIX: Use a hardcoded string */\n        data = \"foo\";\n\n        CWE23_Relative_Path_Traversal__connect_tcp_81_base baseObject = new CWE23_Relative_Path_Traversal__connect_tcp_81_goodG2B();\n        baseObject.action(data );\n    }",
        "label": 0,
        "graph": "/home/tu/exp/Datasets/ForEXP/outputgraph/134250_CWE23_Relative_Path_Traversal__connect_tcp_81a/2-cpg.dot",
        "buggy_line": {},
        "cwe_id": [],
        "graph_community_sliced": "/home/tu/exp/Datasets/ForEXP/outputgraph_community/134250_CWE23_Relative_Path_Traversal__connect_tcp_81a/134250_CWE23_Relative_Path_Traversal__connect_tcp_81a_goodG2B_114_123.dot"
    },
    "134250_CWE23_Relative_Path_Traversal__connect_tcp_81a_main_130_134": {
        "filename": "134250_CWE23_Relative_Path_Traversal__connect_tcp_81a",
        "function_name": "main",
        "code": "public static void main(String[] args) throws ClassNotFoundException,\n           InstantiationException, IllegalAccessException\n    {\n        mainFromParent(args);\n    }",
        "label": 0,
        "graph": "/home/tu/exp/Datasets/ForEXP/outputgraph/134250_CWE23_Relative_Path_Traversal__connect_tcp_81a/3-cpg.dot",
        "buggy_line": {},
        "cwe_id": [],
        "graph_community_sliced": "/home/tu/exp/Datasets/ForEXP/outputgraph_community/134250_CWE23_Relative_Path_Traversal__connect_tcp_81a/134250_CWE23_Relative_Path_Traversal__connect_tcp_81a_main_130_134.dot"
    }
}