{
    "134205_CWE23_Relative_Path_Traversal__URLConnection_66a_bad_34_92": {
        "filename": "134205_CWE23_Relative_Path_Traversal__URLConnection_66a",
        "function_name": "bad",
        "code": "public void bad() throws Throwable\n    {\n        String data;\n\n        data = \"\"; /* Initialize data */\n\n        /* read input from URLConnection */\n        {\n            URLConnection urlConnection = (new URL(\"http://www.example.org/\")).openConnection();\n            BufferedReader readerBuffered = null;\n            InputStreamReader readerInputStream = null;\n\n            try\n            {\n                readerInputStream = new InputStreamReader(urlConnection.getInputStream(), \"UTF-8\");\n                readerBuffered = new BufferedReader(readerInputStream);\n\n                /* POTENTIAL FLAW: Read data from a web server with URLConnection */\n                /* This will be reading the first \"line\" of the response body,\n                 * which could be very long if there are no newlines in the HTML */\n                data = readerBuffered.readLine();\n            }\n            catch (IOException exceptIO)\n            {\n                IO.logger.log(Level.WARNING, \"Error with stream reading\", exceptIO);\n            }\n            finally\n            {\n                /* clean up stream reading objects */\n                try\n                {\n                    if (readerBuffered != null)\n                    {\n                        readerBuffered.close();\n                    }\n                }\n                catch (IOException exceptIO)\n                {\n                    IO.logger.log(Level.WARNING, \"Error closing BufferedReader\", exceptIO);\n                }\n\n                try\n                {\n                    if (readerInputStream != null)\n                    {\n                        readerInputStream.close();\n                    }\n                }\n                catch (IOException exceptIO)\n                {\n                    IO.logger.log(Level.WARNING, \"Error closing InputStreamReader\", exceptIO);\n                }\n            }\n        }\n\n        String[] dataArray = new String[5];\n        dataArray[2] = data;\n        (new CWE23_Relative_Path_Traversal__URLConnection_66b()).badSink(dataArray  );\n    }",
        "label": 1,
        "graph": "/home/tu/exp/Datasets/ForEXP/outputgraph/134205_CWE23_Relative_Path_Traversal__URLConnection_66a/0-cpg.dot",
        "buggy_line": {
            "54": "data = readerBuffered.readLine();"
        },
        "cwe_id": "CWE-23",
        "graph_community_sliced": "/home/tu/exp/Datasets/ForEXP/outputgraph_community/134205_CWE23_Relative_Path_Traversal__URLConnection_66a/134205_CWE23_Relative_Path_Traversal__URLConnection_66a_bad_34_92.dot"
    },
    "134205_CWE23_Relative_Path_Traversal__URLConnection_66a_good_94_97": {
        "filename": "134205_CWE23_Relative_Path_Traversal__URLConnection_66a",
        "function_name": "good",
        "code": "public void good() throws Throwable\n    {\n        goodG2B();\n    }",
        "label": 0,
        "graph": "/home/tu/exp/Datasets/ForEXP/outputgraph/134205_CWE23_Relative_Path_Traversal__URLConnection_66a/1-cpg.dot",
        "buggy_line": {},
        "cwe_id": [],
        "graph_community_sliced": "/home/tu/exp/Datasets/ForEXP/outputgraph_community/134205_CWE23_Relative_Path_Traversal__URLConnection_66a/134205_CWE23_Relative_Path_Traversal__URLConnection_66a_good_94_97.dot"
    },
    "134205_CWE23_Relative_Path_Traversal__URLConnection_66a_goodG2B_100_110": {
        "filename": "134205_CWE23_Relative_Path_Traversal__URLConnection_66a",
        "function_name": "goodG2B",
        "code": "private void goodG2B() throws Throwable\n    {\n        String data;\n\n        /* FIX: Use a hardcoded string */\n        data = \"foo\";\n\n        String[] dataArray = new String[5];\n        dataArray[2] = data;\n        (new CWE23_Relative_Path_Traversal__URLConnection_66b()).goodG2BSink(dataArray  );\n    }",
        "label": 0,
        "graph": "/home/tu/exp/Datasets/ForEXP/outputgraph/134205_CWE23_Relative_Path_Traversal__URLConnection_66a/2-cpg.dot",
        "buggy_line": {},
        "cwe_id": [],
        "graph_community_sliced": "/home/tu/exp/Datasets/ForEXP/outputgraph_community/134205_CWE23_Relative_Path_Traversal__URLConnection_66a/134205_CWE23_Relative_Path_Traversal__URLConnection_66a_goodG2B_100_110.dot"
    },
    "134205_CWE23_Relative_Path_Traversal__URLConnection_66a_main_117_121": {
        "filename": "134205_CWE23_Relative_Path_Traversal__URLConnection_66a",
        "function_name": "main",
        "code": "public static void main(String[] args) throws ClassNotFoundException,\n           InstantiationException, IllegalAccessException\n    {\n        mainFromParent(args);\n    }",
        "label": 0,
        "graph": "/home/tu/exp/Datasets/ForEXP/outputgraph/134205_CWE23_Relative_Path_Traversal__URLConnection_66a/3-cpg.dot",
        "buggy_line": {},
        "cwe_id": [],
        "graph_community_sliced": "/home/tu/exp/Datasets/ForEXP/outputgraph_community/134205_CWE23_Relative_Path_Traversal__URLConnection_66a/134205_CWE23_Relative_Path_Traversal__URLConnection_66a_main_117_121.dot"
    }
}