{
    "134349_CWE23_Relative_Path_Traversal__getCookies_Servlet_52a_bad_27_44": {
        "filename": "134349_CWE23_Relative_Path_Traversal__getCookies_Servlet_52a",
        "function_name": "bad",
        "code": "public void bad(HttpServletRequest request, HttpServletResponse response) throws Throwable\n    {\n        String data;\n\n        data = \"\"; /* initialize data in case there are no cookies */\n\n        /* Read data from cookies */\n        {\n            Cookie cookieSources[] = request.getCookies();\n            if (cookieSources != null)\n            {\n                /* POTENTIAL FLAW: Read data from the first cookie value */\n                data = cookieSources[0].getValue();\n            }\n        }\n\n        (new CWE23_Relative_Path_Traversal__getCookies_Servlet_52b()).badSink(data , request, response);\n    }",
        "label": 1,
        "graph": "/home/tu/exp/Datasets/ForEXP/outputgraph/134349_CWE23_Relative_Path_Traversal__getCookies_Servlet_52a/0-cpg.dot",
        "buggy_line": {
            "39": "data = cookieSources[0].getValue();"
        },
        "cwe_id": "CWE-23",
        "graph_community_sliced": "/home/tu/exp/Datasets/ForEXP/outputgraph_community/134349_CWE23_Relative_Path_Traversal__getCookies_Servlet_52a/134349_CWE23_Relative_Path_Traversal__getCookies_Servlet_52a_bad_27_44.dot"
    },
    "134349_CWE23_Relative_Path_Traversal__getCookies_Servlet_52a_good_46_49": {
        "filename": "134349_CWE23_Relative_Path_Traversal__getCookies_Servlet_52a",
        "function_name": "good",
        "code": "public void good(HttpServletRequest request, HttpServletResponse response) throws Throwable\n    {\n        goodG2B(request, response);\n    }",
        "label": 0,
        "graph": "/home/tu/exp/Datasets/ForEXP/outputgraph/134349_CWE23_Relative_Path_Traversal__getCookies_Servlet_52a/1-cpg.dot",
        "buggy_line": {},
        "cwe_id": [],
        "graph_community_sliced": "/home/tu/exp/Datasets/ForEXP/outputgraph_community/134349_CWE23_Relative_Path_Traversal__getCookies_Servlet_52a/134349_CWE23_Relative_Path_Traversal__getCookies_Servlet_52a_good_46_49.dot"
    },
    "134349_CWE23_Relative_Path_Traversal__getCookies_Servlet_52a_goodG2B_52_60": {
        "filename": "134349_CWE23_Relative_Path_Traversal__getCookies_Servlet_52a",
        "function_name": "goodG2B",
        "code": "private void goodG2B(HttpServletRequest request, HttpServletResponse response) throws Throwable\n    {\n        String data;\n\n        /* FIX: Use a hardcoded string */\n        data = \"foo\";\n\n        (new CWE23_Relative_Path_Traversal__getCookies_Servlet_52b()).goodG2BSink(data , request, response);\n    }",
        "label": 0,
        "graph": "/home/tu/exp/Datasets/ForEXP/outputgraph/134349_CWE23_Relative_Path_Traversal__getCookies_Servlet_52a/2-cpg.dot",
        "buggy_line": {},
        "cwe_id": [],
        "graph_community_sliced": "/home/tu/exp/Datasets/ForEXP/outputgraph_community/134349_CWE23_Relative_Path_Traversal__getCookies_Servlet_52a/134349_CWE23_Relative_Path_Traversal__getCookies_Servlet_52a_goodG2B_52_60.dot"
    },
    "134349_CWE23_Relative_Path_Traversal__getCookies_Servlet_52a_main_67_71": {
        "filename": "134349_CWE23_Relative_Path_Traversal__getCookies_Servlet_52a",
        "function_name": "main",
        "code": "public static void main(String[] args) throws ClassNotFoundException,\n           InstantiationException, IllegalAccessException\n    {\n        mainFromParent(args);\n    }",
        "label": 0,
        "graph": "/home/tu/exp/Datasets/ForEXP/outputgraph/134349_CWE23_Relative_Path_Traversal__getCookies_Servlet_52a/3-cpg.dot",
        "buggy_line": {},
        "cwe_id": [],
        "graph_community_sliced": "/home/tu/exp/Datasets/ForEXP/outputgraph_community/134349_CWE23_Relative_Path_Traversal__getCookies_Servlet_52a/134349_CWE23_Relative_Path_Traversal__getCookies_Servlet_52a_main_67_71.dot"
    }
}