{
    "134391_CWE23_Relative_Path_Traversal__getParameter_Servlet_67a_bad_32_42": {
        "filename": "134391_CWE23_Relative_Path_Traversal__getParameter_Servlet_67a",
        "function_name": "bad",
        "code": "public void bad(HttpServletRequest request, HttpServletResponse response) throws Throwable\n    {\n        String data;\n\n        /* POTENTIAL FLAW: Read data from a querystring using getParameter */\n        data = request.getParameter(\"name\");\n\n        Container dataContainer = new Container();\n        dataContainer.containerOne = data;\n        (new CWE23_Relative_Path_Traversal__getParameter_Servlet_67b()).badSink(dataContainer , request, response );\n    }",
        "label": 1,
        "graph": "/home/tu/exp/Datasets/ForEXP/outputgraph/134391_CWE23_Relative_Path_Traversal__getParameter_Servlet_67a/1-cpg.dot",
        "buggy_line": {
            "37": "data = request.getParameter(\"name\");"
        },
        "cwe_id": "CWE-23",
        "graph_community_sliced": "/home/tu/exp/Datasets/ForEXP/outputgraph_community/134391_CWE23_Relative_Path_Traversal__getParameter_Servlet_67a/134391_CWE23_Relative_Path_Traversal__getParameter_Servlet_67a_bad_32_42.dot"
    },
    "134391_CWE23_Relative_Path_Traversal__getParameter_Servlet_67a_good_44_47": {
        "filename": "134391_CWE23_Relative_Path_Traversal__getParameter_Servlet_67a",
        "function_name": "good",
        "code": "public void good(HttpServletRequest request, HttpServletResponse response) throws Throwable\n    {\n        goodG2B(request, response);\n    }",
        "label": 0,
        "graph": "/home/tu/exp/Datasets/ForEXP/outputgraph/134391_CWE23_Relative_Path_Traversal__getParameter_Servlet_67a/2-cpg.dot",
        "buggy_line": {},
        "cwe_id": [],
        "graph_community_sliced": "/home/tu/exp/Datasets/ForEXP/outputgraph_community/134391_CWE23_Relative_Path_Traversal__getParameter_Servlet_67a/134391_CWE23_Relative_Path_Traversal__getParameter_Servlet_67a_good_44_47.dot"
    },
    "134391_CWE23_Relative_Path_Traversal__getParameter_Servlet_67a_goodG2B_50_60": {
        "filename": "134391_CWE23_Relative_Path_Traversal__getParameter_Servlet_67a",
        "function_name": "goodG2B",
        "code": "private void goodG2B(HttpServletRequest request, HttpServletResponse response) throws Throwable\n    {\n        String data;\n\n        /* FIX: Use a hardcoded string */\n        data = \"foo\";\n\n        Container dataContainer = new Container();\n        dataContainer.containerOne = data;\n        (new CWE23_Relative_Path_Traversal__getParameter_Servlet_67b()).goodG2BSink(dataContainer , request, response );\n    }",
        "label": 0,
        "graph": "/home/tu/exp/Datasets/ForEXP/outputgraph/134391_CWE23_Relative_Path_Traversal__getParameter_Servlet_67a/3-cpg.dot",
        "buggy_line": {},
        "cwe_id": [],
        "graph_community_sliced": "/home/tu/exp/Datasets/ForEXP/outputgraph_community/134391_CWE23_Relative_Path_Traversal__getParameter_Servlet_67a/134391_CWE23_Relative_Path_Traversal__getParameter_Servlet_67a_goodG2B_50_60.dot"
    },
    "134391_CWE23_Relative_Path_Traversal__getParameter_Servlet_67a_main_67_71": {
        "filename": "134391_CWE23_Relative_Path_Traversal__getParameter_Servlet_67a",
        "function_name": "main",
        "code": "public static void main(String[] args) throws ClassNotFoundException,\n           InstantiationException, IllegalAccessException\n    {\n        mainFromParent(args);\n    }",
        "label": 0,
        "graph": "/home/tu/exp/Datasets/ForEXP/outputgraph/134391_CWE23_Relative_Path_Traversal__getParameter_Servlet_67a/4-cpg.dot",
        "buggy_line": {},
        "cwe_id": [],
        "graph_community_sliced": "/home/tu/exp/Datasets/ForEXP/outputgraph_community/134391_CWE23_Relative_Path_Traversal__getParameter_Servlet_67a/134391_CWE23_Relative_Path_Traversal__getParameter_Servlet_67a_main_67_71.dot"
    }
}