{
    "134398_CWE23_Relative_Path_Traversal__getParameter_Servlet_81a_bad_27_36": {
        "filename": "134398_CWE23_Relative_Path_Traversal__getParameter_Servlet_81a",
        "function_name": "bad",
        "code": "public void bad(HttpServletRequest request, HttpServletResponse response) throws Throwable\n    {\n        String data;\n\n        /* POTENTIAL FLAW: Read data from a querystring using getParameter */\n        data = request.getParameter(\"name\");\n\n        CWE23_Relative_Path_Traversal__getParameter_Servlet_81_base baseObject = new CWE23_Relative_Path_Traversal__getParameter_Servlet_81_bad();\n        baseObject.action(data , request, response);\n    }",
        "label": 1,
        "graph": "/home/tu/exp/Datasets/ForEXP/outputgraph/134398_CWE23_Relative_Path_Traversal__getParameter_Servlet_81a/0-cpg.dot",
        "buggy_line": {
            "32": "data = request.getParameter(\"name\");"
        },
        "cwe_id": "CWE-23",
        "graph_community_sliced": "/home/tu/exp/Datasets/ForEXP/outputgraph_community/134398_CWE23_Relative_Path_Traversal__getParameter_Servlet_81a/134398_CWE23_Relative_Path_Traversal__getParameter_Servlet_81a_bad_27_36.dot"
    },
    "134398_CWE23_Relative_Path_Traversal__getParameter_Servlet_81a_good_38_41": {
        "filename": "134398_CWE23_Relative_Path_Traversal__getParameter_Servlet_81a",
        "function_name": "good",
        "code": "public void good(HttpServletRequest request, HttpServletResponse response) throws Throwable\n    {\n        goodG2B(request, response);\n    }",
        "label": 0,
        "graph": "/home/tu/exp/Datasets/ForEXP/outputgraph/134398_CWE23_Relative_Path_Traversal__getParameter_Servlet_81a/1-cpg.dot",
        "buggy_line": {},
        "cwe_id": [],
        "graph_community_sliced": "/home/tu/exp/Datasets/ForEXP/outputgraph_community/134398_CWE23_Relative_Path_Traversal__getParameter_Servlet_81a/134398_CWE23_Relative_Path_Traversal__getParameter_Servlet_81a_good_38_41.dot"
    },
    "134398_CWE23_Relative_Path_Traversal__getParameter_Servlet_81a_goodG2B_44_53": {
        "filename": "134398_CWE23_Relative_Path_Traversal__getParameter_Servlet_81a",
        "function_name": "goodG2B",
        "code": "private void goodG2B(HttpServletRequest request, HttpServletResponse response) throws Throwable\n    {\n        String data;\n\n        /* FIX: Use a hardcoded string */\n        data = \"foo\";\n\n        CWE23_Relative_Path_Traversal__getParameter_Servlet_81_base baseObject = new CWE23_Relative_Path_Traversal__getParameter_Servlet_81_goodG2B();\n        baseObject.action(data , request, response);\n    }",
        "label": 0,
        "graph": "/home/tu/exp/Datasets/ForEXP/outputgraph/134398_CWE23_Relative_Path_Traversal__getParameter_Servlet_81a/2-cpg.dot",
        "buggy_line": {},
        "cwe_id": [],
        "graph_community_sliced": "/home/tu/exp/Datasets/ForEXP/outputgraph_community/134398_CWE23_Relative_Path_Traversal__getParameter_Servlet_81a/134398_CWE23_Relative_Path_Traversal__getParameter_Servlet_81a_goodG2B_44_53.dot"
    },
    "134398_CWE23_Relative_Path_Traversal__getParameter_Servlet_81a_main_60_64": {
        "filename": "134398_CWE23_Relative_Path_Traversal__getParameter_Servlet_81a",
        "function_name": "main",
        "code": "public static void main(String[] args) throws ClassNotFoundException,\n           InstantiationException, IllegalAccessException\n    {\n        mainFromParent(args);\n    }",
        "label": 0,
        "graph": "/home/tu/exp/Datasets/ForEXP/outputgraph/134398_CWE23_Relative_Path_Traversal__getParameter_Servlet_81a/3-cpg.dot",
        "buggy_line": {},
        "cwe_id": [],
        "graph_community_sliced": "/home/tu/exp/Datasets/ForEXP/outputgraph_community/134398_CWE23_Relative_Path_Traversal__getParameter_Servlet_81a/134398_CWE23_Relative_Path_Traversal__getParameter_Servlet_81a_main_60_64.dot"
    }
}