{
    "134392_CWE23_Relative_Path_Traversal__getParameter_Servlet_68a_bad_28_35": {
        "filename": "134392_CWE23_Relative_Path_Traversal__getParameter_Servlet_68a",
        "function_name": "bad",
        "code": "public void bad(HttpServletRequest request, HttpServletResponse response) throws Throwable\n    {\n\n        /* POTENTIAL FLAW: Read data from a querystring using getParameter */\n        data = request.getParameter(\"name\");\n\n        (new CWE23_Relative_Path_Traversal__getParameter_Servlet_68b()).badSink(request, response);\n    }",
        "label": 1,
        "graph": "/home/tu/exp/Datasets/ForEXP/outputgraph/134392_CWE23_Relative_Path_Traversal__getParameter_Servlet_68a/0-cpg.dot",
        "buggy_line": {
            "32": "data = request.getParameter(\"name\");"
        },
        "cwe_id": "CWE-23",
        "graph_community_sliced": "/home/tu/exp/Datasets/ForEXP/outputgraph_community/134392_CWE23_Relative_Path_Traversal__getParameter_Servlet_68a/134392_CWE23_Relative_Path_Traversal__getParameter_Servlet_68a_bad_28_35.dot"
    },
    "134392_CWE23_Relative_Path_Traversal__getParameter_Servlet_68a_good_37_40": {
        "filename": "134392_CWE23_Relative_Path_Traversal__getParameter_Servlet_68a",
        "function_name": "good",
        "code": "public void good(HttpServletRequest request, HttpServletResponse response) throws Throwable\n    {\n        goodG2B(request, response);\n    }",
        "label": 0,
        "graph": "/home/tu/exp/Datasets/ForEXP/outputgraph/134392_CWE23_Relative_Path_Traversal__getParameter_Servlet_68a/1-cpg.dot",
        "buggy_line": {},
        "cwe_id": [],
        "graph_community_sliced": "/home/tu/exp/Datasets/ForEXP/outputgraph_community/134392_CWE23_Relative_Path_Traversal__getParameter_Servlet_68a/134392_CWE23_Relative_Path_Traversal__getParameter_Servlet_68a_good_37_40.dot"
    },
    "134392_CWE23_Relative_Path_Traversal__getParameter_Servlet_68a_goodG2B_43_50": {
        "filename": "134392_CWE23_Relative_Path_Traversal__getParameter_Servlet_68a",
        "function_name": "goodG2B",
        "code": "private void goodG2B(HttpServletRequest request, HttpServletResponse response) throws Throwable\n    {\n\n        /* FIX: Use a hardcoded string */\n        data = \"foo\";\n\n        (new CWE23_Relative_Path_Traversal__getParameter_Servlet_68b()).goodG2BSink(request, response);\n    }",
        "label": 0,
        "graph": "/home/tu/exp/Datasets/ForEXP/outputgraph/134392_CWE23_Relative_Path_Traversal__getParameter_Servlet_68a/2-cpg.dot",
        "buggy_line": {},
        "cwe_id": [],
        "graph_community_sliced": "/home/tu/exp/Datasets/ForEXP/outputgraph_community/134392_CWE23_Relative_Path_Traversal__getParameter_Servlet_68a/134392_CWE23_Relative_Path_Traversal__getParameter_Servlet_68a_goodG2B_43_50.dot"
    },
    "134392_CWE23_Relative_Path_Traversal__getParameter_Servlet_68a_main_57_61": {
        "filename": "134392_CWE23_Relative_Path_Traversal__getParameter_Servlet_68a",
        "function_name": "main",
        "code": "public static void main(String[] args) throws ClassNotFoundException,\n           InstantiationException, IllegalAccessException\n    {\n        mainFromParent(args);\n    }",
        "label": 0,
        "graph": "/home/tu/exp/Datasets/ForEXP/outputgraph/134392_CWE23_Relative_Path_Traversal__getParameter_Servlet_68a/3-cpg.dot",
        "buggy_line": {},
        "cwe_id": [],
        "graph_community_sliced": "/home/tu/exp/Datasets/ForEXP/outputgraph_community/134392_CWE23_Relative_Path_Traversal__getParameter_Servlet_68a/134392_CWE23_Relative_Path_Traversal__getParameter_Servlet_68a_main_57_61.dot"
    }
}