{
    "134357_CWE23_Relative_Path_Traversal__getCookies_Servlet_72a_bad_28_49": {
        "filename": "134357_CWE23_Relative_Path_Traversal__getCookies_Servlet_72a",
        "function_name": "bad",
        "code": "public void bad(HttpServletRequest request, HttpServletResponse response) throws Throwable\n    {\n        String data;\n\n        data = \"\"; /* initialize data in case there are no cookies */\n\n        /* Read data from cookies */\n        {\n            Cookie cookieSources[] = request.getCookies();\n            if (cookieSources != null)\n            {\n                /* POTENTIAL FLAW: Read data from the first cookie value */\n                data = cookieSources[0].getValue();\n            }\n        }\n\n        Vector<String> dataVector = new Vector<String>(5);\n        dataVector.add(0, data);\n        dataVector.add(1, data);\n        dataVector.add(2, data);\n        (new CWE23_Relative_Path_Traversal__getCookies_Servlet_72b()).badSink(dataVector , request, response );\n    }",
        "label": 1,
        "graph": "/home/tu/exp/Datasets/ForEXP/outputgraph/134357_CWE23_Relative_Path_Traversal__getCookies_Servlet_72a/0-cpg.dot",
        "buggy_line": {
            "40": "data = cookieSources[0].getValue();"
        },
        "cwe_id": "CWE-23",
        "graph_community_sliced": "/home/tu/exp/Datasets/ForEXP/outputgraph_community/134357_CWE23_Relative_Path_Traversal__getCookies_Servlet_72a/134357_CWE23_Relative_Path_Traversal__getCookies_Servlet_72a_bad_28_49.dot"
    },
    "134357_CWE23_Relative_Path_Traversal__getCookies_Servlet_72a_good_51_54": {
        "filename": "134357_CWE23_Relative_Path_Traversal__getCookies_Servlet_72a",
        "function_name": "good",
        "code": "public void good(HttpServletRequest request, HttpServletResponse response) throws Throwable\n    {\n        goodG2B(request, response);\n    }",
        "label": 0,
        "graph": "/home/tu/exp/Datasets/ForEXP/outputgraph/134357_CWE23_Relative_Path_Traversal__getCookies_Servlet_72a/1-cpg.dot",
        "buggy_line": {},
        "cwe_id": [],
        "graph_community_sliced": "/home/tu/exp/Datasets/ForEXP/outputgraph_community/134357_CWE23_Relative_Path_Traversal__getCookies_Servlet_72a/134357_CWE23_Relative_Path_Traversal__getCookies_Servlet_72a_good_51_54.dot"
    },
    "134357_CWE23_Relative_Path_Traversal__getCookies_Servlet_72a_goodG2B_57_69": {
        "filename": "134357_CWE23_Relative_Path_Traversal__getCookies_Servlet_72a",
        "function_name": "goodG2B",
        "code": "private void goodG2B(HttpServletRequest request, HttpServletResponse response) throws Throwable\n    {\n        String data;\n\n        /* FIX: Use a hardcoded string */\n        data = \"foo\";\n\n        Vector<String> dataVector = new Vector<String>(5);\n        dataVector.add(0, data);\n        dataVector.add(1, data);\n        dataVector.add(2, data);\n        (new CWE23_Relative_Path_Traversal__getCookies_Servlet_72b()).goodG2BSink(dataVector , request, response );\n    }",
        "label": 0,
        "graph": "/home/tu/exp/Datasets/ForEXP/outputgraph/134357_CWE23_Relative_Path_Traversal__getCookies_Servlet_72a/2-cpg.dot",
        "buggy_line": {},
        "cwe_id": [],
        "graph_community_sliced": "/home/tu/exp/Datasets/ForEXP/outputgraph_community/134357_CWE23_Relative_Path_Traversal__getCookies_Servlet_72a/134357_CWE23_Relative_Path_Traversal__getCookies_Servlet_72a_goodG2B_57_69.dot"
    },
    "134357_CWE23_Relative_Path_Traversal__getCookies_Servlet_72a_main_76_80": {
        "filename": "134357_CWE23_Relative_Path_Traversal__getCookies_Servlet_72a",
        "function_name": "main",
        "code": "public static void main(String[] args) throws ClassNotFoundException,\n           InstantiationException, IllegalAccessException\n    {\n        mainFromParent(args);\n    }",
        "label": 0,
        "graph": "/home/tu/exp/Datasets/ForEXP/outputgraph/134357_CWE23_Relative_Path_Traversal__getCookies_Servlet_72a/3-cpg.dot",
        "buggy_line": {},
        "cwe_id": [],
        "graph_community_sliced": "/home/tu/exp/Datasets/ForEXP/outputgraph_community/134357_CWE23_Relative_Path_Traversal__getCookies_Servlet_72a/134357_CWE23_Relative_Path_Traversal__getCookies_Servlet_72a_main_76_80.dot"
    }
}