{
    "134347_CWE23_Relative_Path_Traversal__getCookies_Servlet_45_badSink_32_110": {
        "filename": "134347_CWE23_Relative_Path_Traversal__getCookies_Servlet_45",
        "function_name": "badSink",
        "code": "private void badSink(HttpServletRequest request, HttpServletResponse response) throws Throwable\n    {\n        String data = dataBad;\n\n        String root;\n        if(System.getProperty(\"os.name\").toLowerCase().indexOf(\"win\") >= 0)\n        {\n            /* running on Windows */\n            root = \"C:\\\\uploads\\\\\";\n        }\n        else\n        {\n            /* running on non-Windows */\n            root = \"/home/user/uploads/\";\n        }\n\n        if (data != null)\n        {\n            /* POTENTIAL FLAW: no validation of concatenated value */\n            File file = new File(root + data);\n            FileInputStream streamFileInputSink = null;\n            InputStreamReader readerInputStreamSink = null;\n            BufferedReader readerBufferdSink = null;\n            if (file.exists() && file.isFile())\n            {\n                try\n                {\n                    streamFileInputSink = new FileInputStream(file);\n                    readerInputStreamSink = new InputStreamReader(streamFileInputSink, \"UTF-8\");\n                    readerBufferdSink = new BufferedReader(readerInputStreamSink);\n                    IO.writeLine(readerBufferdSink.readLine());\n                }\n                catch (IOException exceptIO)\n                {\n                    IO.logger.log(Level.WARNING, \"Error with stream reading\", exceptIO);\n                }\n                finally\n                {\n                    /* Close stream reading objects */\n                    try\n                    {\n                        if (readerBufferdSink != null)\n                        {\n                            readerBufferdSink.close();\n                        }\n                    }\n                    catch (IOException exceptIO)\n                    {\n                        IO.logger.log(Level.WARNING, \"Error closing BufferedReader\", exceptIO);\n                    }\n\n                    try\n                    {\n                        if (readerInputStreamSink != null)\n                        {\n                            readerInputStreamSink.close();\n                        }\n                    }\n                    catch (IOException exceptIO)\n                    {\n                        IO.logger.log(Level.WARNING, \"Error closing InputStreamReader\", exceptIO);\n                    }\n\n                    try\n                    {\n                        if (streamFileInputSink != null)\n                        {\n                            streamFileInputSink.close();\n                        }\n                    }\n                    catch (IOException exceptIO)\n                    {\n                        IO.logger.log(Level.WARNING, \"Error closing FileInputStream\", exceptIO);\n                    }\n                }\n            }\n        }\n\n    }",
        "label": 0,
        "graph": "/home/tu/exp/Datasets/ForEXP/outputgraph/134347_CWE23_Relative_Path_Traversal__getCookies_Servlet_45/0-cpg.dot",
        "buggy_line": {},
        "cwe_id": [],
        "graph_community_sliced": "/home/tu/exp/Datasets/ForEXP/outputgraph_community/134347_CWE23_Relative_Path_Traversal__getCookies_Servlet_45/134347_CWE23_Relative_Path_Traversal__getCookies_Servlet_45_badSink_32_110.dot"
    },
    "134347_CWE23_Relative_Path_Traversal__getCookies_Servlet_45_bad_113_131": {
        "filename": "134347_CWE23_Relative_Path_Traversal__getCookies_Servlet_45",
        "function_name": "bad",
        "code": "public void bad(HttpServletRequest request, HttpServletResponse response) throws Throwable\n    {\n        String data;\n\n        data = \"\"; /* initialize data in case there are no cookies */\n\n        /* Read data from cookies */\n        {\n            Cookie cookieSources[] = request.getCookies();\n            if (cookieSources != null)\n            {\n                /* POTENTIAL FLAW: Read data from the first cookie value */\n                data = cookieSources[0].getValue();\n            }\n        }\n\n        dataBad = data;\n        badSink(request, response);\n    }",
        "label": 1,
        "graph": "/home/tu/exp/Datasets/ForEXP/outputgraph/134347_CWE23_Relative_Path_Traversal__getCookies_Servlet_45/1-cpg.dot",
        "buggy_line": {
            "125": "data = cookieSources[0].getValue();"
        },
        "cwe_id": "CWE-23",
        "graph_community_sliced": "/home/tu/exp/Datasets/ForEXP/outputgraph_community/134347_CWE23_Relative_Path_Traversal__getCookies_Servlet_45/134347_CWE23_Relative_Path_Traversal__getCookies_Servlet_45_bad_113_131.dot"
    },
    "134347_CWE23_Relative_Path_Traversal__getCookies_Servlet_45_good_133_136": {
        "filename": "134347_CWE23_Relative_Path_Traversal__getCookies_Servlet_45",
        "function_name": "good",
        "code": "public void good(HttpServletRequest request, HttpServletResponse response) throws Throwable\n    {\n        goodG2B(request, response);\n    }",
        "label": 0,
        "graph": "/home/tu/exp/Datasets/ForEXP/outputgraph/134347_CWE23_Relative_Path_Traversal__getCookies_Servlet_45/2-cpg.dot",
        "buggy_line": {},
        "cwe_id": [],
        "graph_community_sliced": "/home/tu/exp/Datasets/ForEXP/outputgraph_community/134347_CWE23_Relative_Path_Traversal__getCookies_Servlet_45/134347_CWE23_Relative_Path_Traversal__getCookies_Servlet_45_good_133_136.dot"
    },
    "134347_CWE23_Relative_Path_Traversal__getCookies_Servlet_45_goodG2BSink_138_216": {
        "filename": "134347_CWE23_Relative_Path_Traversal__getCookies_Servlet_45",
        "function_name": "goodG2BSink",
        "code": "private void goodG2BSink(HttpServletRequest request, HttpServletResponse response) throws Throwable\n    {\n        String data = dataGoodG2B;\n\n        String root;\n        if(System.getProperty(\"os.name\").toLowerCase().indexOf(\"win\") >= 0)\n        {\n            /* running on Windows */\n            root = \"C:\\\\uploads\\\\\";\n        }\n        else\n        {\n            /* running on non-Windows */\n            root = \"/home/user/uploads/\";\n        }\n\n        if (data != null)\n        {\n            /* POTENTIAL FLAW: no validation of concatenated value */\n            File file = new File(root + data);\n            FileInputStream streamFileInputSink = null;\n            InputStreamReader readerInputStreamSink = null;\n            BufferedReader readerBufferdSink = null;\n            if (file.exists() && file.isFile())\n            {\n                try\n                {\n                    streamFileInputSink = new FileInputStream(file);\n                    readerInputStreamSink = new InputStreamReader(streamFileInputSink, \"UTF-8\");\n                    readerBufferdSink = new BufferedReader(readerInputStreamSink);\n                    IO.writeLine(readerBufferdSink.readLine());\n                }\n                catch (IOException exceptIO)\n                {\n                    IO.logger.log(Level.WARNING, \"Error with stream reading\", exceptIO);\n                }\n                finally\n                {\n                    /* Close stream reading objects */\n                    try\n                    {\n                        if (readerBufferdSink != null)\n                        {\n                            readerBufferdSink.close();\n                        }\n                    }\n                    catch (IOException exceptIO)\n                    {\n                        IO.logger.log(Level.WARNING, \"Error closing BufferedReader\", exceptIO);\n                    }\n\n                    try\n                    {\n                        if (readerInputStreamSink != null)\n                        {\n                            readerInputStreamSink.close();\n                        }\n                    }\n                    catch (IOException exceptIO)\n                    {\n                        IO.logger.log(Level.WARNING, \"Error closing InputStreamReader\", exceptIO);\n                    }\n\n                    try\n                    {\n                        if (streamFileInputSink != null)\n                        {\n                            streamFileInputSink.close();\n                        }\n                    }\n                    catch (IOException exceptIO)\n                    {\n                        IO.logger.log(Level.WARNING, \"Error closing FileInputStream\", exceptIO);\n                    }\n                }\n            }\n        }\n\n    }",
        "label": 0,
        "graph": "/home/tu/exp/Datasets/ForEXP/outputgraph/134347_CWE23_Relative_Path_Traversal__getCookies_Servlet_45/3-cpg.dot",
        "buggy_line": {},
        "cwe_id": [],
        "graph_community_sliced": "/home/tu/exp/Datasets/ForEXP/outputgraph_community/134347_CWE23_Relative_Path_Traversal__getCookies_Servlet_45/134347_CWE23_Relative_Path_Traversal__getCookies_Servlet_45_goodG2BSink_138_216.dot"
    },
    "134347_CWE23_Relative_Path_Traversal__getCookies_Servlet_45_goodG2B_219_228": {
        "filename": "134347_CWE23_Relative_Path_Traversal__getCookies_Servlet_45",
        "function_name": "goodG2B",
        "code": "private void goodG2B(HttpServletRequest request, HttpServletResponse response) throws Throwable\n    {\n        String data;\n\n        /* FIX: Use a hardcoded string */\n        data = \"foo\";\n\n        dataGoodG2B = data;\n        goodG2BSink(request, response);\n    }",
        "label": 0,
        "graph": "/home/tu/exp/Datasets/ForEXP/outputgraph/134347_CWE23_Relative_Path_Traversal__getCookies_Servlet_45/4-cpg.dot",
        "buggy_line": {},
        "cwe_id": [],
        "graph_community_sliced": "/home/tu/exp/Datasets/ForEXP/outputgraph_community/134347_CWE23_Relative_Path_Traversal__getCookies_Servlet_45/134347_CWE23_Relative_Path_Traversal__getCookies_Servlet_45_goodG2B_219_228.dot"
    },
    "134347_CWE23_Relative_Path_Traversal__getCookies_Servlet_45_main_235_239": {
        "filename": "134347_CWE23_Relative_Path_Traversal__getCookies_Servlet_45",
        "function_name": "main",
        "code": "public static void main(String[] args) throws ClassNotFoundException,\n           InstantiationException, IllegalAccessException\n    {\n        mainFromParent(args);\n    }",
        "label": 0,
        "graph": "/home/tu/exp/Datasets/ForEXP/outputgraph/134347_CWE23_Relative_Path_Traversal__getCookies_Servlet_45/5-cpg.dot",
        "buggy_line": {},
        "cwe_id": [],
        "graph_community_sliced": "/home/tu/exp/Datasets/ForEXP/outputgraph_community/134347_CWE23_Relative_Path_Traversal__getCookies_Servlet_45/134347_CWE23_Relative_Path_Traversal__getCookies_Servlet_45_main_235_239.dot"
    }
}