{
    "134382_CWE23_Relative_Path_Traversal__getParameter_Servlet_41_badSink_28_105": {
        "filename": "134382_CWE23_Relative_Path_Traversal__getParameter_Servlet_41",
        "function_name": "badSink",
        "code": "private void badSink(String data , HttpServletRequest request, HttpServletResponse response) throws Throwable\n    {\n\n        String root;\n        if(System.getProperty(\"os.name\").toLowerCase().indexOf(\"win\") >= 0)\n        {\n            /* running on Windows */\n            root = \"C:\\\\uploads\\\\\";\n        }\n        else\n        {\n            /* running on non-Windows */\n            root = \"/home/user/uploads/\";\n        }\n\n        if (data != null)\n        {\n            /* POTENTIAL FLAW: no validation of concatenated value */\n            File file = new File(root + data);\n            FileInputStream streamFileInputSink = null;\n            InputStreamReader readerInputStreamSink = null;\n            BufferedReader readerBufferdSink = null;\n            if (file.exists() && file.isFile())\n            {\n                try\n                {\n                    streamFileInputSink = new FileInputStream(file);\n                    readerInputStreamSink = new InputStreamReader(streamFileInputSink, \"UTF-8\");\n                    readerBufferdSink = new BufferedReader(readerInputStreamSink);\n                    IO.writeLine(readerBufferdSink.readLine());\n                }\n                catch (IOException exceptIO)\n                {\n                    IO.logger.log(Level.WARNING, \"Error with stream reading\", exceptIO);\n                }\n                finally\n                {\n                    /* Close stream reading objects */\n                    try\n                    {\n                        if (readerBufferdSink != null)\n                        {\n                            readerBufferdSink.close();\n                        }\n                    }\n                    catch (IOException exceptIO)\n                    {\n                        IO.logger.log(Level.WARNING, \"Error closing BufferedReader\", exceptIO);\n                    }\n\n                    try\n                    {\n                        if (readerInputStreamSink != null)\n                        {\n                            readerInputStreamSink.close();\n                        }\n                    }\n                    catch (IOException exceptIO)\n                    {\n                        IO.logger.log(Level.WARNING, \"Error closing InputStreamReader\", exceptIO);\n                    }\n\n                    try\n                    {\n                        if (streamFileInputSink != null)\n                        {\n                            streamFileInputSink.close();\n                        }\n                    }\n                    catch (IOException exceptIO)\n                    {\n                        IO.logger.log(Level.WARNING, \"Error closing FileInputStream\", exceptIO);\n                    }\n                }\n            }\n        }\n\n    }",
        "label": 0,
        "graph": "/home/tu/exp/Datasets/ForEXP/outputgraph/134382_CWE23_Relative_Path_Traversal__getParameter_Servlet_41/0-cpg.dot",
        "buggy_line": {},
        "cwe_id": [],
        "graph_community_sliced": "/home/tu/exp/Datasets/ForEXP/outputgraph_community/134382_CWE23_Relative_Path_Traversal__getParameter_Servlet_41/134382_CWE23_Relative_Path_Traversal__getParameter_Servlet_41_badSink_28_105.dot"
    },
    "134382_CWE23_Relative_Path_Traversal__getParameter_Servlet_41_bad_107_115": {
        "filename": "134382_CWE23_Relative_Path_Traversal__getParameter_Servlet_41",
        "function_name": "bad",
        "code": "public void bad(HttpServletRequest request, HttpServletResponse response) throws Throwable\n    {\n        String data;\n\n        /* POTENTIAL FLAW: Read data from a querystring using getParameter */\n        data = request.getParameter(\"name\");\n\n        badSink(data , request, response );\n    }",
        "label": 1,
        "graph": "/home/tu/exp/Datasets/ForEXP/outputgraph/134382_CWE23_Relative_Path_Traversal__getParameter_Servlet_41/1-cpg.dot",
        "buggy_line": {
            "112": "data = request.getParameter(\"name\");"
        },
        "cwe_id": "CWE-23",
        "graph_community_sliced": "/home/tu/exp/Datasets/ForEXP/outputgraph_community/134382_CWE23_Relative_Path_Traversal__getParameter_Servlet_41/134382_CWE23_Relative_Path_Traversal__getParameter_Servlet_41_bad_107_115.dot"
    },
    "134382_CWE23_Relative_Path_Traversal__getParameter_Servlet_41_good_117_120": {
        "filename": "134382_CWE23_Relative_Path_Traversal__getParameter_Servlet_41",
        "function_name": "good",
        "code": "public void good(HttpServletRequest request, HttpServletResponse response) throws Throwable\n    {\n        goodG2B(request, response);\n    }",
        "label": 0,
        "graph": "/home/tu/exp/Datasets/ForEXP/outputgraph/134382_CWE23_Relative_Path_Traversal__getParameter_Servlet_41/2-cpg.dot",
        "buggy_line": {},
        "cwe_id": [],
        "graph_community_sliced": "/home/tu/exp/Datasets/ForEXP/outputgraph_community/134382_CWE23_Relative_Path_Traversal__getParameter_Servlet_41/134382_CWE23_Relative_Path_Traversal__getParameter_Servlet_41_good_117_120.dot"
    },
    "134382_CWE23_Relative_Path_Traversal__getParameter_Servlet_41_goodG2BSink_122_199": {
        "filename": "134382_CWE23_Relative_Path_Traversal__getParameter_Servlet_41",
        "function_name": "goodG2BSink",
        "code": "private void goodG2BSink(String data , HttpServletRequest request, HttpServletResponse response) throws Throwable\n    {\n\n        String root;\n        if(System.getProperty(\"os.name\").toLowerCase().indexOf(\"win\") >= 0)\n        {\n            /* running on Windows */\n            root = \"C:\\\\uploads\\\\\";\n        }\n        else\n        {\n            /* running on non-Windows */\n            root = \"/home/user/uploads/\";\n        }\n\n        if (data != null)\n        {\n            /* POTENTIAL FLAW: no validation of concatenated value */\n            File file = new File(root + data);\n            FileInputStream streamFileInputSink = null;\n            InputStreamReader readerInputStreamSink = null;\n            BufferedReader readerBufferdSink = null;\n            if (file.exists() && file.isFile())\n            {\n                try\n                {\n                    streamFileInputSink = new FileInputStream(file);\n                    readerInputStreamSink = new InputStreamReader(streamFileInputSink, \"UTF-8\");\n                    readerBufferdSink = new BufferedReader(readerInputStreamSink);\n                    IO.writeLine(readerBufferdSink.readLine());\n                }\n                catch (IOException exceptIO)\n                {\n                    IO.logger.log(Level.WARNING, \"Error with stream reading\", exceptIO);\n                }\n                finally\n                {\n                    /* Close stream reading objects */\n                    try\n                    {\n                        if (readerBufferdSink != null)\n                        {\n                            readerBufferdSink.close();\n                        }\n                    }\n                    catch (IOException exceptIO)\n                    {\n                        IO.logger.log(Level.WARNING, \"Error closing BufferedReader\", exceptIO);\n                    }\n\n                    try\n                    {\n                        if (readerInputStreamSink != null)\n                        {\n                            readerInputStreamSink.close();\n                        }\n                    }\n                    catch (IOException exceptIO)\n                    {\n                        IO.logger.log(Level.WARNING, \"Error closing InputStreamReader\", exceptIO);\n                    }\n\n                    try\n                    {\n                        if (streamFileInputSink != null)\n                        {\n                            streamFileInputSink.close();\n                        }\n                    }\n                    catch (IOException exceptIO)\n                    {\n                        IO.logger.log(Level.WARNING, \"Error closing FileInputStream\", exceptIO);\n                    }\n                }\n            }\n        }\n\n    }",
        "label": 0,
        "graph": "/home/tu/exp/Datasets/ForEXP/outputgraph/134382_CWE23_Relative_Path_Traversal__getParameter_Servlet_41/3-cpg.dot",
        "buggy_line": {},
        "cwe_id": [],
        "graph_community_sliced": "/home/tu/exp/Datasets/ForEXP/outputgraph_community/134382_CWE23_Relative_Path_Traversal__getParameter_Servlet_41/134382_CWE23_Relative_Path_Traversal__getParameter_Servlet_41_goodG2BSink_122_199.dot"
    },
    "134382_CWE23_Relative_Path_Traversal__getParameter_Servlet_41_goodG2B_202_210": {
        "filename": "134382_CWE23_Relative_Path_Traversal__getParameter_Servlet_41",
        "function_name": "goodG2B",
        "code": "private void goodG2B(HttpServletRequest request, HttpServletResponse response) throws Throwable\n    {\n        String data;\n\n        /* FIX: Use a hardcoded string */\n        data = \"foo\";\n\n        goodG2BSink(data , request, response );\n    }",
        "label": 0,
        "graph": "/home/tu/exp/Datasets/ForEXP/outputgraph/134382_CWE23_Relative_Path_Traversal__getParameter_Servlet_41/4-cpg.dot",
        "buggy_line": {},
        "cwe_id": [],
        "graph_community_sliced": "/home/tu/exp/Datasets/ForEXP/outputgraph_community/134382_CWE23_Relative_Path_Traversal__getParameter_Servlet_41/134382_CWE23_Relative_Path_Traversal__getParameter_Servlet_41_goodG2B_202_210.dot"
    },
    "134382_CWE23_Relative_Path_Traversal__getParameter_Servlet_41_main_217_221": {
        "filename": "134382_CWE23_Relative_Path_Traversal__getParameter_Servlet_41",
        "function_name": "main",
        "code": "public static void main(String[] args) throws ClassNotFoundException,\n           InstantiationException, IllegalAccessException\n    {\n        mainFromParent(args);\n    }",
        "label": 0,
        "graph": "/home/tu/exp/Datasets/ForEXP/outputgraph/134382_CWE23_Relative_Path_Traversal__getParameter_Servlet_41/5-cpg.dot",
        "buggy_line": {},
        "cwe_id": [],
        "graph_community_sliced": "/home/tu/exp/Datasets/ForEXP/outputgraph_community/134382_CWE23_Relative_Path_Traversal__getParameter_Servlet_41/134382_CWE23_Relative_Path_Traversal__getParameter_Servlet_41_main_217_221.dot"
    }
}