{
    "134390_CWE23_Relative_Path_Traversal__getParameter_Servlet_66a_bad_27_37": {
        "filename": "134390_CWE23_Relative_Path_Traversal__getParameter_Servlet_66a",
        "function_name": "bad",
        "code": "public void bad(HttpServletRequest request, HttpServletResponse response) throws Throwable\n    {\n        String data;\n\n        /* POTENTIAL FLAW: Read data from a querystring using getParameter */\n        data = request.getParameter(\"name\");\n\n        String[] dataArray = new String[5];\n        dataArray[2] = data;\n        (new CWE23_Relative_Path_Traversal__getParameter_Servlet_66b()).badSink(dataArray , request, response );\n    }",
        "label": 1,
        "graph": "/home/tu/exp/Datasets/ForEXP/outputgraph/134390_CWE23_Relative_Path_Traversal__getParameter_Servlet_66a/0-cpg.dot",
        "buggy_line": {
            "32": "data = request.getParameter(\"name\");"
        },
        "cwe_id": "CWE-23",
        "graph_community_sliced": "/home/tu/exp/Datasets/ForEXP/outputgraph_community/134390_CWE23_Relative_Path_Traversal__getParameter_Servlet_66a/134390_CWE23_Relative_Path_Traversal__getParameter_Servlet_66a_bad_27_37.dot"
    },
    "134390_CWE23_Relative_Path_Traversal__getParameter_Servlet_66a_good_39_42": {
        "filename": "134390_CWE23_Relative_Path_Traversal__getParameter_Servlet_66a",
        "function_name": "good",
        "code": "public void good(HttpServletRequest request, HttpServletResponse response) throws Throwable\n    {\n        goodG2B(request, response);\n    }",
        "label": 0,
        "graph": "/home/tu/exp/Datasets/ForEXP/outputgraph/134390_CWE23_Relative_Path_Traversal__getParameter_Servlet_66a/1-cpg.dot",
        "buggy_line": {},
        "cwe_id": [],
        "graph_community_sliced": "/home/tu/exp/Datasets/ForEXP/outputgraph_community/134390_CWE23_Relative_Path_Traversal__getParameter_Servlet_66a/134390_CWE23_Relative_Path_Traversal__getParameter_Servlet_66a_good_39_42.dot"
    },
    "134390_CWE23_Relative_Path_Traversal__getParameter_Servlet_66a_goodG2B_45_55": {
        "filename": "134390_CWE23_Relative_Path_Traversal__getParameter_Servlet_66a",
        "function_name": "goodG2B",
        "code": "private void goodG2B(HttpServletRequest request, HttpServletResponse response) throws Throwable\n    {\n        String data;\n\n        /* FIX: Use a hardcoded string */\n        data = \"foo\";\n\n        String[] dataArray = new String[5];\n        dataArray[2] = data;\n        (new CWE23_Relative_Path_Traversal__getParameter_Servlet_66b()).goodG2BSink(dataArray , request, response );\n    }",
        "label": 0,
        "graph": "/home/tu/exp/Datasets/ForEXP/outputgraph/134390_CWE23_Relative_Path_Traversal__getParameter_Servlet_66a/2-cpg.dot",
        "buggy_line": {},
        "cwe_id": [],
        "graph_community_sliced": "/home/tu/exp/Datasets/ForEXP/outputgraph_community/134390_CWE23_Relative_Path_Traversal__getParameter_Servlet_66a/134390_CWE23_Relative_Path_Traversal__getParameter_Servlet_66a_goodG2B_45_55.dot"
    },
    "134390_CWE23_Relative_Path_Traversal__getParameter_Servlet_66a_main_62_66": {
        "filename": "134390_CWE23_Relative_Path_Traversal__getParameter_Servlet_66a",
        "function_name": "main",
        "code": "public static void main(String[] args) throws ClassNotFoundException,\n           InstantiationException, IllegalAccessException\n    {\n        mainFromParent(args);\n    }",
        "label": 0,
        "graph": "/home/tu/exp/Datasets/ForEXP/outputgraph/134390_CWE23_Relative_Path_Traversal__getParameter_Servlet_66a/3-cpg.dot",
        "buggy_line": {},
        "cwe_id": [],
        "graph_community_sliced": "/home/tu/exp/Datasets/ForEXP/outputgraph_community/134390_CWE23_Relative_Path_Traversal__getParameter_Servlet_66a/134390_CWE23_Relative_Path_Traversal__getParameter_Servlet_66a_main_62_66.dot"
    }
}