{
    "134379_CWE23_Relative_Path_Traversal__getParameter_Servlet_21_bad_32_113": {
        "filename": "134379_CWE23_Relative_Path_Traversal__getParameter_Servlet_21",
        "function_name": "bad",
        "code": "public void bad(HttpServletRequest request, HttpServletResponse response) throws Throwable\n    {\n        String data;\n\n        badPrivate = true;\n        data = bad_source(request, response);\n\n        String root;\n        if(System.getProperty(\"os.name\").toLowerCase().indexOf(\"win\") >= 0)\n        {\n            /* running on Windows */\n            root = \"C:\\\\uploads\\\\\";\n        }\n        else\n        {\n            /* running on non-Windows */\n            root = \"/home/user/uploads/\";\n        }\n\n        if (data != null)\n        {\n            /* POTENTIAL FLAW: no validation of concatenated value */\n            File file = new File(root + data);\n            FileInputStream streamFileInputSink = null;\n            InputStreamReader readerInputStreamSink = null;\n            BufferedReader readerBufferdSink = null;\n            if (file.exists() && file.isFile())\n            {\n                try\n                {\n                    streamFileInputSink = new FileInputStream(file);\n                    readerInputStreamSink = new InputStreamReader(streamFileInputSink, \"UTF-8\");\n                    readerBufferdSink = new BufferedReader(readerInputStreamSink);\n                    IO.writeLine(readerBufferdSink.readLine());\n                }\n                catch (IOException exceptIO)\n                {\n                    IO.logger.log(Level.WARNING, \"Error with stream reading\", exceptIO);\n                }\n                finally\n                {\n                    /* Close stream reading objects */\n                    try\n                    {\n                        if (readerBufferdSink != null)\n                        {\n                            readerBufferdSink.close();\n                        }\n                    }\n                    catch (IOException exceptIO)\n                    {\n                        IO.logger.log(Level.WARNING, \"Error closing BufferedReader\", exceptIO);\n                    }\n\n                    try\n                    {\n                        if (readerInputStreamSink != null)\n                        {\n                            readerInputStreamSink.close();\n                        }\n                    }\n                    catch (IOException exceptIO)\n                    {\n                        IO.logger.log(Level.WARNING, \"Error closing InputStreamReader\", exceptIO);\n                    }\n\n                    try\n                    {\n                        if (streamFileInputSink != null)\n                        {\n                            streamFileInputSink.close();\n                        }\n                    }\n                    catch (IOException exceptIO)\n                    {\n                        IO.logger.log(Level.WARNING, \"Error closing FileInputStream\", exceptIO);\n                    }\n                }\n            }\n        }\n\n    }",
        "label": 1,
        "graph": "/home/tu/exp/Datasets/ForEXP/outputgraph/134379_CWE23_Relative_Path_Traversal__getParameter_Servlet_21/0-cpg.dot",
        "buggy_line": {
            "54": "File file = new File(root + data);"
        },
        "cwe_id": "CWE-23",
        "graph_community_sliced": "/home/tu/exp/Datasets/ForEXP/outputgraph_community/134379_CWE23_Relative_Path_Traversal__getParameter_Servlet_21/134379_CWE23_Relative_Path_Traversal__getParameter_Servlet_21_bad_32_113.dot"
    },
    "134379_CWE23_Relative_Path_Traversal__getParameter_Servlet_21_bad_source_115_132": {
        "filename": "134379_CWE23_Relative_Path_Traversal__getParameter_Servlet_21",
        "function_name": "bad_source",
        "code": "private String bad_source(HttpServletRequest request, HttpServletResponse response) throws Throwable\n    {\n        String data;\n\n        if (badPrivate)\n        {\n            /* POTENTIAL FLAW: Read data from a querystring using getParameter */\n            data = request.getParameter(\"name\");\n        }\n        else\n        {\n            /* INCIDENTAL: CWE 561 Dead Code, the code below will never run\n             * but ensure data is inititialized before the Sink to avoid compiler errors */\n            data = null;\n        }\n\n        return data;\n    }",
        "label": 1,
        "graph": "/home/tu/exp/Datasets/ForEXP/outputgraph/134379_CWE23_Relative_Path_Traversal__getParameter_Servlet_21/1-cpg.dot",
        "buggy_line": {
            "122": "data = request.getParameter(\"name\");"
        },
        "cwe_id": "CWE-23",
        "graph_community_sliced": "/home/tu/exp/Datasets/ForEXP/outputgraph_community/134379_CWE23_Relative_Path_Traversal__getParameter_Servlet_21/134379_CWE23_Relative_Path_Traversal__getParameter_Servlet_21_bad_source_115_132.dot"
    },
    "134379_CWE23_Relative_Path_Traversal__getParameter_Servlet_21_good_138_142": {
        "filename": "134379_CWE23_Relative_Path_Traversal__getParameter_Servlet_21",
        "function_name": "good",
        "code": "public void good(HttpServletRequest request, HttpServletResponse response) throws Throwable\n    {\n        goodG2B1(request, response);\n        goodG2B2(request, response);\n    }",
        "label": 0,
        "graph": "/home/tu/exp/Datasets/ForEXP/outputgraph/134379_CWE23_Relative_Path_Traversal__getParameter_Servlet_21/2-cpg.dot",
        "buggy_line": {},
        "cwe_id": [],
        "graph_community_sliced": "/home/tu/exp/Datasets/ForEXP/outputgraph_community/134379_CWE23_Relative_Path_Traversal__getParameter_Servlet_21/134379_CWE23_Relative_Path_Traversal__getParameter_Servlet_21_good_138_142.dot"
    },
    "134379_CWE23_Relative_Path_Traversal__getParameter_Servlet_21_goodG2B1_145_226": {
        "filename": "134379_CWE23_Relative_Path_Traversal__getParameter_Servlet_21",
        "function_name": "goodG2B1",
        "code": "private void goodG2B1(HttpServletRequest request, HttpServletResponse response) throws Throwable\n    {\n        String data;\n\n        goodG2B1_private = false;\n        data = goodG2B1_source(request, response);\n\n        String root;\n        if(System.getProperty(\"os.name\").toLowerCase().indexOf(\"win\") >= 0)\n        {\n            /* running on Windows */\n            root = \"C:\\\\uploads\\\\\";\n        }\n        else\n        {\n            /* running on non-Windows */\n            root = \"/home/user/uploads/\";\n        }\n\n        if (data != null)\n        {\n            /* POTENTIAL FLAW: no validation of concatenated value */\n            File file = new File(root + data);\n            FileInputStream streamFileInputSink = null;\n            InputStreamReader readerInputStreamSink = null;\n            BufferedReader readerBufferdSink = null;\n            if (file.exists() && file.isFile())\n            {\n                try\n                {\n                    streamFileInputSink = new FileInputStream(file);\n                    readerInputStreamSink = new InputStreamReader(streamFileInputSink, \"UTF-8\");\n                    readerBufferdSink = new BufferedReader(readerInputStreamSink);\n                    IO.writeLine(readerBufferdSink.readLine());\n                }\n                catch (IOException exceptIO)\n                {\n                    IO.logger.log(Level.WARNING, \"Error with stream reading\", exceptIO);\n                }\n                finally\n                {\n                    /* Close stream reading objects */\n                    try\n                    {\n                        if (readerBufferdSink != null)\n                        {\n                            readerBufferdSink.close();\n                        }\n                    }\n                    catch (IOException exceptIO)\n                    {\n                        IO.logger.log(Level.WARNING, \"Error closing BufferedReader\", exceptIO);\n                    }\n\n                    try\n                    {\n                        if (readerInputStreamSink != null)\n                        {\n                            readerInputStreamSink.close();\n                        }\n                    }\n                    catch (IOException exceptIO)\n                    {\n                        IO.logger.log(Level.WARNING, \"Error closing InputStreamReader\", exceptIO);\n                    }\n\n                    try\n                    {\n                        if (streamFileInputSink != null)\n                        {\n                            streamFileInputSink.close();\n                        }\n                    }\n                    catch (IOException exceptIO)\n                    {\n                        IO.logger.log(Level.WARNING, \"Error closing FileInputStream\", exceptIO);\n                    }\n                }\n            }\n        }\n\n    }",
        "label": 0,
        "graph": "/home/tu/exp/Datasets/ForEXP/outputgraph/134379_CWE23_Relative_Path_Traversal__getParameter_Servlet_21/3-cpg.dot",
        "buggy_line": {},
        "cwe_id": [],
        "graph_community_sliced": "/home/tu/exp/Datasets/ForEXP/outputgraph_community/134379_CWE23_Relative_Path_Traversal__getParameter_Servlet_21/134379_CWE23_Relative_Path_Traversal__getParameter_Servlet_21_goodG2B1_145_226.dot"
    },
    "134379_CWE23_Relative_Path_Traversal__getParameter_Servlet_21_goodG2B1_source_228_247": {
        "filename": "134379_CWE23_Relative_Path_Traversal__getParameter_Servlet_21",
        "function_name": "goodG2B1_source",
        "code": "private String goodG2B1_source(HttpServletRequest request, HttpServletResponse response) throws Throwable\n    {\n        String data = null;\n\n        if (goodG2B1_private)\n        {\n            /* INCIDENTAL: CWE 561 Dead Code, the code below will never run\n             * but ensure data is inititialized before the Sink to avoid compiler errors */\n            data = null;\n        }\n        else\n        {\n\n            /* FIX: Use a hardcoded string */\n            data = \"foo\";\n\n        }\n\n        return data;\n    }",
        "label": 0,
        "graph": "/home/tu/exp/Datasets/ForEXP/outputgraph/134379_CWE23_Relative_Path_Traversal__getParameter_Servlet_21/4-cpg.dot",
        "buggy_line": {},
        "cwe_id": [],
        "graph_community_sliced": "/home/tu/exp/Datasets/ForEXP/outputgraph_community/134379_CWE23_Relative_Path_Traversal__getParameter_Servlet_21/134379_CWE23_Relative_Path_Traversal__getParameter_Servlet_21_goodG2B1_source_228_247.dot"
    },
    "134379_CWE23_Relative_Path_Traversal__getParameter_Servlet_21_goodG2B2_250_331": {
        "filename": "134379_CWE23_Relative_Path_Traversal__getParameter_Servlet_21",
        "function_name": "goodG2B2",
        "code": "private void goodG2B2(HttpServletRequest request, HttpServletResponse response) throws Throwable\n    {\n        String data;\n\n        goodG2B2_private = true;\n        data = goodG2B2_source(request, response);\n\n        String root;\n        if(System.getProperty(\"os.name\").toLowerCase().indexOf(\"win\") >= 0)\n        {\n            /* running on Windows */\n            root = \"C:\\\\uploads\\\\\";\n        }\n        else\n        {\n            /* running on non-Windows */\n            root = \"/home/user/uploads/\";\n        }\n\n        if (data != null)\n        {\n            /* POTENTIAL FLAW: no validation of concatenated value */\n            File file = new File(root + data);\n            FileInputStream streamFileInputSink = null;\n            InputStreamReader readerInputStreamSink = null;\n            BufferedReader readerBufferdSink = null;\n            if (file.exists() && file.isFile())\n            {\n                try\n                {\n                    streamFileInputSink = new FileInputStream(file);\n                    readerInputStreamSink = new InputStreamReader(streamFileInputSink, \"UTF-8\");\n                    readerBufferdSink = new BufferedReader(readerInputStreamSink);\n                    IO.writeLine(readerBufferdSink.readLine());\n                }\n                catch (IOException exceptIO)\n                {\n                    IO.logger.log(Level.WARNING, \"Error with stream reading\", exceptIO);\n                }\n                finally\n                {\n                    /* Close stream reading objects */\n                    try\n                    {\n                        if (readerBufferdSink != null)\n                        {\n                            readerBufferdSink.close();\n                        }\n                    }\n                    catch (IOException exceptIO)\n                    {\n                        IO.logger.log(Level.WARNING, \"Error closing BufferedReader\", exceptIO);\n                    }\n\n                    try\n                    {\n                        if (readerInputStreamSink != null)\n                        {\n                            readerInputStreamSink.close();\n                        }\n                    }\n                    catch (IOException exceptIO)\n                    {\n                        IO.logger.log(Level.WARNING, \"Error closing InputStreamReader\", exceptIO);\n                    }\n\n                    try\n                    {\n                        if (streamFileInputSink != null)\n                        {\n                            streamFileInputSink.close();\n                        }\n                    }\n                    catch (IOException exceptIO)\n                    {\n                        IO.logger.log(Level.WARNING, \"Error closing FileInputStream\", exceptIO);\n                    }\n                }\n            }\n        }\n\n    }",
        "label": 0,
        "graph": "/home/tu/exp/Datasets/ForEXP/outputgraph/134379_CWE23_Relative_Path_Traversal__getParameter_Servlet_21/5-cpg.dot",
        "buggy_line": {},
        "cwe_id": [],
        "graph_community_sliced": "/home/tu/exp/Datasets/ForEXP/outputgraph_community/134379_CWE23_Relative_Path_Traversal__getParameter_Servlet_21/134379_CWE23_Relative_Path_Traversal__getParameter_Servlet_21_goodG2B2_250_331.dot"
    },
    "134379_CWE23_Relative_Path_Traversal__getParameter_Servlet_21_goodG2B2_source_333_350": {
        "filename": "134379_CWE23_Relative_Path_Traversal__getParameter_Servlet_21",
        "function_name": "goodG2B2_source",
        "code": "private String goodG2B2_source(HttpServletRequest request, HttpServletResponse response) throws Throwable\n    {\n        String data = null;\n\n        if (goodG2B2_private)\n        {\n            /* FIX: Use a hardcoded string */\n            data = \"foo\";\n        }\n        else\n        {\n            /* INCIDENTAL: CWE 561 Dead Code, the code below will never run\n             * but ensure data is inititialized before the Sink to avoid compiler errors */\n            data = null;\n        }\n\n        return data;\n    }",
        "label": 0,
        "graph": "/home/tu/exp/Datasets/ForEXP/outputgraph/134379_CWE23_Relative_Path_Traversal__getParameter_Servlet_21/6-cpg.dot",
        "buggy_line": {},
        "cwe_id": [],
        "graph_community_sliced": "/home/tu/exp/Datasets/ForEXP/outputgraph_community/134379_CWE23_Relative_Path_Traversal__getParameter_Servlet_21/134379_CWE23_Relative_Path_Traversal__getParameter_Servlet_21_goodG2B2_source_333_350.dot"
    },
    "134379_CWE23_Relative_Path_Traversal__getParameter_Servlet_21_main_357_361": {
        "filename": "134379_CWE23_Relative_Path_Traversal__getParameter_Servlet_21",
        "function_name": "main",
        "code": "public static void main(String[] args) throws ClassNotFoundException,\n           InstantiationException, IllegalAccessException\n    {\n        mainFromParent(args);\n    }",
        "label": 0,
        "graph": "/home/tu/exp/Datasets/ForEXP/outputgraph/134379_CWE23_Relative_Path_Traversal__getParameter_Servlet_21/7-cpg.dot",
        "buggy_line": {},
        "cwe_id": [],
        "graph_community_sliced": "/home/tu/exp/Datasets/ForEXP/outputgraph_community/134379_CWE23_Relative_Path_Traversal__getParameter_Servlet_21/134379_CWE23_Relative_Path_Traversal__getParameter_Servlet_21_main_357_361.dot"
    }
}