{
    "134302_CWE23_Relative_Path_Traversal__database_15_bad_34_183": {
        "filename": "134302_CWE23_Relative_Path_Traversal__database_15",
        "function_name": "bad",
        "code": "public void bad() throws Throwable\n    {\n        String data = null;\n\n        switch (6)\n        {\n        case 6:\n            data = \"\"; /* Initialize data */\n            /* Read data from a database */\n            {\n                Connection connection = null;\n                PreparedStatement preparedStatement = null;\n                ResultSet resultSet = null;\n                try\n                {\n                    /* setup the connection */\n                    connection = IO.getDBConnection();\n                    /* prepare and execute a (hardcoded) query */\n                    preparedStatement = connection.prepareStatement(\"select name from users where id=0\");\n                    resultSet = preparedStatement.executeQuery();\n                    /* POTENTIAL FLAW: Read data from a database query resultset */\n                    data = resultSet.getString(1);\n                }\n                catch (SQLException exceptSql)\n                {\n                    IO.logger.log(Level.WARNING, \"Error with SQL statement\", exceptSql);\n                }\n                finally\n                {\n                    /* Close database objects */\n                    try\n                    {\n                        if (resultSet != null)\n                        {\n                            resultSet.close();\n                        }\n                    }\n                    catch (SQLException exceptSql)\n                    {\n                        IO.logger.log(Level.WARNING, \"Error closing ResultSet\", exceptSql);\n                    }\n\n                    try\n                    {\n                        if (preparedStatement != null)\n                        {\n                            preparedStatement.close();\n                        }\n                    }\n                    catch (SQLException exceptSql)\n                    {\n                        IO.logger.log(Level.WARNING, \"Error closing PreparedStatement\", exceptSql);\n                    }\n\n                    try\n                    {\n                        if (connection != null)\n                        {\n                            connection.close();\n                        }\n                    }\n                    catch (SQLException exceptSql)\n                    {\n                        IO.logger.log(Level.WARNING, \"Error closing Connection\", exceptSql);\n                    }\n                }\n            }\n            break;\n        default:\n            /* INCIDENTAL: CWE 561 Dead Code, the code below will never run\n             * but ensure data is inititialized before the Sink to avoid compiler errors */\n            data = null;\n            break;\n        }\n\n        String root;\n        if(System.getProperty(\"os.name\").toLowerCase().indexOf(\"win\") >= 0)\n        {\n            /* running on Windows */\n            root = \"C:\\\\uploads\\\\\";\n        }\n        else\n        {\n            /* running on non-Windows */\n            root = \"/home/user/uploads/\";\n        }\n\n        if (data != null)\n        {\n            /* POTENTIAL FLAW: no validation of concatenated value */\n            File file = new File(root + data);\n            FileInputStream streamFileInputSink = null;\n            InputStreamReader readerInputStreamSink = null;\n            BufferedReader readerBufferdSink = null;\n            if (file.exists() && file.isFile())\n            {\n                try\n                {\n                    streamFileInputSink = new FileInputStream(file);\n                    readerInputStreamSink = new InputStreamReader(streamFileInputSink, \"UTF-8\");\n                    readerBufferdSink = new BufferedReader(readerInputStreamSink);\n                    IO.writeLine(readerBufferdSink.readLine());\n                }\n                catch (IOException exceptIO)\n                {\n                    IO.logger.log(Level.WARNING, \"Error with stream reading\", exceptIO);\n                }\n                finally\n                {\n                    /* Close stream reading objects */\n                    try\n                    {\n                        if (readerBufferdSink != null)\n                        {\n                            readerBufferdSink.close();\n                        }\n                    }\n                    catch (IOException exceptIO)\n                    {\n                        IO.logger.log(Level.WARNING, \"Error closing BufferedReader\", exceptIO);\n                    }\n\n                    try\n                    {\n                        if (readerInputStreamSink != null)\n                        {\n                            readerInputStreamSink.close();\n                        }\n                    }\n                    catch (IOException exceptIO)\n                    {\n                        IO.logger.log(Level.WARNING, \"Error closing InputStreamReader\", exceptIO);\n                    }\n\n                    try\n                    {\n                        if (streamFileInputSink != null)\n                        {\n                            streamFileInputSink.close();\n                        }\n                    }\n                    catch (IOException exceptIO)\n                    {\n                        IO.logger.log(Level.WARNING, \"Error closing FileInputStream\", exceptIO);\n                    }\n                }\n            }\n        }\n\n    }",
        "label": 1,
        "graph": "/home/tu/exp/Datasets/ForEXP/outputgraph/134302_CWE23_Relative_Path_Traversal__database_15/0-cpg.dot",
        "buggy_line": {
            "124": "File file = new File(root + data);",
            "55": "data = resultSet.getString(1);"
        },
        "cwe_id": "CWE-23",
        "graph_community_sliced": "/home/tu/exp/Datasets/ForEXP/outputgraph_community/134302_CWE23_Relative_Path_Traversal__database_15/134302_CWE23_Relative_Path_Traversal__database_15_bad_34_183.dot"
    },
    "134302_CWE23_Relative_Path_Traversal__database_15_goodG2B1_186_277": {
        "filename": "134302_CWE23_Relative_Path_Traversal__database_15",
        "function_name": "goodG2B1",
        "code": "private void goodG2B1() throws Throwable\n    {\n        String data = null;\n\n        switch (5)\n        {\n        case 6:\n            /* INCIDENTAL: CWE 561 Dead Code, the code below will never run\n             * but ensure data is inititialized before the Sink to avoid compiler errors */\n            data = null;\n            break;\n        default:\n            /* FIX: Use a hardcoded string */\n            data = \"foo\";\n            break;\n        }\n\n        String root;\n        if(System.getProperty(\"os.name\").toLowerCase().indexOf(\"win\") >= 0)\n        {\n            /* running on Windows */\n            root = \"C:\\\\uploads\\\\\";\n        }\n        else\n        {\n            /* running on non-Windows */\n            root = \"/home/user/uploads/\";\n        }\n\n        if (data != null)\n        {\n            /* POTENTIAL FLAW: no validation of concatenated value */\n            File file = new File(root + data);\n            FileInputStream streamFileInputSink = null;\n            InputStreamReader readerInputStreamSink = null;\n            BufferedReader readerBufferdSink = null;\n            if (file.exists() && file.isFile())\n            {\n                try\n                {\n                    streamFileInputSink = new FileInputStream(file);\n                    readerInputStreamSink = new InputStreamReader(streamFileInputSink, \"UTF-8\");\n                    readerBufferdSink = new BufferedReader(readerInputStreamSink);\n                    IO.writeLine(readerBufferdSink.readLine());\n                }\n                catch (IOException exceptIO)\n                {\n                    IO.logger.log(Level.WARNING, \"Error with stream reading\", exceptIO);\n                }\n                finally\n                {\n                    /* Close stream reading objects */\n                    try\n                    {\n                        if (readerBufferdSink != null)\n                        {\n                            readerBufferdSink.close();\n                        }\n                    }\n                    catch (IOException exceptIO)\n                    {\n                        IO.logger.log(Level.WARNING, \"Error closing BufferedReader\", exceptIO);\n                    }\n\n                    try\n                    {\n                        if (readerInputStreamSink != null)\n                        {\n                            readerInputStreamSink.close();\n                        }\n                    }\n                    catch (IOException exceptIO)\n                    {\n                        IO.logger.log(Level.WARNING, \"Error closing InputStreamReader\", exceptIO);\n                    }\n\n                    try\n                    {\n                        if (streamFileInputSink != null)\n                        {\n                            streamFileInputSink.close();\n                        }\n                    }\n                    catch (IOException exceptIO)\n                    {\n                        IO.logger.log(Level.WARNING, \"Error closing FileInputStream\", exceptIO);\n                    }\n                }\n            }\n        }\n\n    }",
        "label": 0,
        "graph": "/home/tu/exp/Datasets/ForEXP/outputgraph/134302_CWE23_Relative_Path_Traversal__database_15/1-cpg.dot",
        "buggy_line": {},
        "cwe_id": [],
        "graph_community_sliced": "/home/tu/exp/Datasets/ForEXP/outputgraph_community/134302_CWE23_Relative_Path_Traversal__database_15/134302_CWE23_Relative_Path_Traversal__database_15_goodG2B1_186_277.dot"
    },
    "134302_CWE23_Relative_Path_Traversal__database_15_goodG2B2_280_371": {
        "filename": "134302_CWE23_Relative_Path_Traversal__database_15",
        "function_name": "goodG2B2",
        "code": "private void goodG2B2() throws Throwable\n    {\n        String data = null;\n\n        switch (6)\n        {\n        case 6:\n            /* FIX: Use a hardcoded string */\n            data = \"foo\";\n            break;\n        default:\n            /* INCIDENTAL: CWE 561 Dead Code, the code below will never run\n             * but ensure data is inititialized before the Sink to avoid compiler errors */\n            data = null;\n            break;\n        }\n\n        String root;\n        if(System.getProperty(\"os.name\").toLowerCase().indexOf(\"win\") >= 0)\n        {\n            /* running on Windows */\n            root = \"C:\\\\uploads\\\\\";\n        }\n        else\n        {\n            /* running on non-Windows */\n            root = \"/home/user/uploads/\";\n        }\n\n        if (data != null)\n        {\n            /* POTENTIAL FLAW: no validation of concatenated value */\n            File file = new File(root + data);\n            FileInputStream streamFileInputSink = null;\n            InputStreamReader readerInputStreamSink = null;\n            BufferedReader readerBufferdSink = null;\n            if (file.exists() && file.isFile())\n            {\n                try\n                {\n                    streamFileInputSink = new FileInputStream(file);\n                    readerInputStreamSink = new InputStreamReader(streamFileInputSink, \"UTF-8\");\n                    readerBufferdSink = new BufferedReader(readerInputStreamSink);\n                    IO.writeLine(readerBufferdSink.readLine());\n                }\n                catch (IOException exceptIO)\n                {\n                    IO.logger.log(Level.WARNING, \"Error with stream reading\", exceptIO);\n                }\n                finally\n                {\n                    /* Close stream reading objects */\n                    try\n                    {\n                        if (readerBufferdSink != null)\n                        {\n                            readerBufferdSink.close();\n                        }\n                    }\n                    catch (IOException exceptIO)\n                    {\n                        IO.logger.log(Level.WARNING, \"Error closing BufferedReader\", exceptIO);\n                    }\n\n                    try\n                    {\n                        if (readerInputStreamSink != null)\n                        {\n                            readerInputStreamSink.close();\n                        }\n                    }\n                    catch (IOException exceptIO)\n                    {\n                        IO.logger.log(Level.WARNING, \"Error closing InputStreamReader\", exceptIO);\n                    }\n\n                    try\n                    {\n                        if (streamFileInputSink != null)\n                        {\n                            streamFileInputSink.close();\n                        }\n                    }\n                    catch (IOException exceptIO)\n                    {\n                        IO.logger.log(Level.WARNING, \"Error closing FileInputStream\", exceptIO);\n                    }\n                }\n            }\n        }\n\n    }",
        "label": 0,
        "graph": "/home/tu/exp/Datasets/ForEXP/outputgraph/134302_CWE23_Relative_Path_Traversal__database_15/2-cpg.dot",
        "buggy_line": {},
        "cwe_id": [],
        "graph_community_sliced": "/home/tu/exp/Datasets/ForEXP/outputgraph_community/134302_CWE23_Relative_Path_Traversal__database_15/134302_CWE23_Relative_Path_Traversal__database_15_goodG2B2_280_371.dot"
    },
    "134302_CWE23_Relative_Path_Traversal__database_15_good_373_377": {
        "filename": "134302_CWE23_Relative_Path_Traversal__database_15",
        "function_name": "good",
        "code": "public void good() throws Throwable\n    {\n        goodG2B1();\n        goodG2B2();\n    }",
        "label": 0,
        "graph": "/home/tu/exp/Datasets/ForEXP/outputgraph/134302_CWE23_Relative_Path_Traversal__database_15/3-cpg.dot",
        "buggy_line": {},
        "cwe_id": [],
        "graph_community_sliced": "/home/tu/exp/Datasets/ForEXP/outputgraph_community/134302_CWE23_Relative_Path_Traversal__database_15/134302_CWE23_Relative_Path_Traversal__database_15_good_373_377.dot"
    },
    "134302_CWE23_Relative_Path_Traversal__database_15_main_384_388": {
        "filename": "134302_CWE23_Relative_Path_Traversal__database_15",
        "function_name": "main",
        "code": "public static void main(String[] args) throws ClassNotFoundException,\n           InstantiationException, IllegalAccessException\n    {\n        mainFromParent(args);\n    }",
        "label": 0,
        "graph": "/home/tu/exp/Datasets/ForEXP/outputgraph/134302_CWE23_Relative_Path_Traversal__database_15/4-cpg.dot",
        "buggy_line": {},
        "cwe_id": [],
        "graph_community_sliced": "/home/tu/exp/Datasets/ForEXP/outputgraph_community/134302_CWE23_Relative_Path_Traversal__database_15/134302_CWE23_Relative_Path_Traversal__database_15_main_384_388.dot"
    }
}