{
    "134353_CWE23_Relative_Path_Traversal__getCookies_Servlet_66a_bad_27_46": {
        "filename": "134353_CWE23_Relative_Path_Traversal__getCookies_Servlet_66a",
        "function_name": "bad",
        "code": "public void bad(HttpServletRequest request, HttpServletResponse response) throws Throwable\n    {\n        String data;\n\n        data = \"\"; /* initialize data in case there are no cookies */\n\n        /* Read data from cookies */\n        {\n            Cookie cookieSources[] = request.getCookies();\n            if (cookieSources != null)\n            {\n                /* POTENTIAL FLAW: Read data from the first cookie value */\n                data = cookieSources[0].getValue();\n            }\n        }\n\n        String[] dataArray = new String[5];\n        dataArray[2] = data;\n        (new CWE23_Relative_Path_Traversal__getCookies_Servlet_66b()).badSink(dataArray , request, response );\n    }",
        "label": 1,
        "graph": "/home/tu/exp/Datasets/ForEXP/outputgraph/134353_CWE23_Relative_Path_Traversal__getCookies_Servlet_66a/0-cpg.dot",
        "buggy_line": {
            "39": "data = cookieSources[0].getValue();"
        },
        "cwe_id": "CWE-23",
        "graph_community_sliced": "/home/tu/exp/Datasets/ForEXP/outputgraph_community/134353_CWE23_Relative_Path_Traversal__getCookies_Servlet_66a/134353_CWE23_Relative_Path_Traversal__getCookies_Servlet_66a_bad_27_46.dot"
    },
    "134353_CWE23_Relative_Path_Traversal__getCookies_Servlet_66a_good_48_51": {
        "filename": "134353_CWE23_Relative_Path_Traversal__getCookies_Servlet_66a",
        "function_name": "good",
        "code": "public void good(HttpServletRequest request, HttpServletResponse response) throws Throwable\n    {\n        goodG2B(request, response);\n    }",
        "label": 0,
        "graph": "/home/tu/exp/Datasets/ForEXP/outputgraph/134353_CWE23_Relative_Path_Traversal__getCookies_Servlet_66a/1-cpg.dot",
        "buggy_line": {},
        "cwe_id": [],
        "graph_community_sliced": "/home/tu/exp/Datasets/ForEXP/outputgraph_community/134353_CWE23_Relative_Path_Traversal__getCookies_Servlet_66a/134353_CWE23_Relative_Path_Traversal__getCookies_Servlet_66a_good_48_51.dot"
    },
    "134353_CWE23_Relative_Path_Traversal__getCookies_Servlet_66a_goodG2B_54_64": {
        "filename": "134353_CWE23_Relative_Path_Traversal__getCookies_Servlet_66a",
        "function_name": "goodG2B",
        "code": "private void goodG2B(HttpServletRequest request, HttpServletResponse response) throws Throwable\n    {\n        String data;\n\n        /* FIX: Use a hardcoded string */\n        data = \"foo\";\n\n        String[] dataArray = new String[5];\n        dataArray[2] = data;\n        (new CWE23_Relative_Path_Traversal__getCookies_Servlet_66b()).goodG2BSink(dataArray , request, response );\n    }",
        "label": 0,
        "graph": "/home/tu/exp/Datasets/ForEXP/outputgraph/134353_CWE23_Relative_Path_Traversal__getCookies_Servlet_66a/2-cpg.dot",
        "buggy_line": {},
        "cwe_id": [],
        "graph_community_sliced": "/home/tu/exp/Datasets/ForEXP/outputgraph_community/134353_CWE23_Relative_Path_Traversal__getCookies_Servlet_66a/134353_CWE23_Relative_Path_Traversal__getCookies_Servlet_66a_goodG2B_54_64.dot"
    },
    "134353_CWE23_Relative_Path_Traversal__getCookies_Servlet_66a_main_71_75": {
        "filename": "134353_CWE23_Relative_Path_Traversal__getCookies_Servlet_66a",
        "function_name": "main",
        "code": "public static void main(String[] args) throws ClassNotFoundException,\n           InstantiationException, IllegalAccessException\n    {\n        mainFromParent(args);\n    }",
        "label": 0,
        "graph": "/home/tu/exp/Datasets/ForEXP/outputgraph/134353_CWE23_Relative_Path_Traversal__getCookies_Servlet_66a/3-cpg.dot",
        "buggy_line": {},
        "cwe_id": [],
        "graph_community_sliced": "/home/tu/exp/Datasets/ForEXP/outputgraph_community/134353_CWE23_Relative_Path_Traversal__getCookies_Servlet_66a/134353_CWE23_Relative_Path_Traversal__getCookies_Servlet_66a_main_71_75.dot"
    }
}