{
    "134395_CWE23_Relative_Path_Traversal__getParameter_Servlet_73a_bad_28_40": {
        "filename": "134395_CWE23_Relative_Path_Traversal__getParameter_Servlet_73a",
        "function_name": "bad",
        "code": "public void bad(HttpServletRequest request, HttpServletResponse response) throws Throwable\n    {\n        String data;\n\n        /* POTENTIAL FLAW: Read data from a querystring using getParameter */\n        data = request.getParameter(\"name\");\n\n        LinkedList<String> dataLinkedList = new LinkedList<String>();\n        dataLinkedList.add(0, data);\n        dataLinkedList.add(1, data);\n        dataLinkedList.add(2, data);\n        (new CWE23_Relative_Path_Traversal__getParameter_Servlet_73b()).badSink(dataLinkedList , request, response );\n    }",
        "label": 1,
        "graph": "/home/tu/exp/Datasets/ForEXP/outputgraph/134395_CWE23_Relative_Path_Traversal__getParameter_Servlet_73a/0-cpg.dot",
        "buggy_line": {
            "33": "data = request.getParameter(\"name\");"
        },
        "cwe_id": "CWE-23",
        "graph_community_sliced": "/home/tu/exp/Datasets/ForEXP/outputgraph_community/134395_CWE23_Relative_Path_Traversal__getParameter_Servlet_73a/134395_CWE23_Relative_Path_Traversal__getParameter_Servlet_73a_bad_28_40.dot"
    },
    "134395_CWE23_Relative_Path_Traversal__getParameter_Servlet_73a_good_42_45": {
        "filename": "134395_CWE23_Relative_Path_Traversal__getParameter_Servlet_73a",
        "function_name": "good",
        "code": "public void good(HttpServletRequest request, HttpServletResponse response) throws Throwable\n    {\n        goodG2B(request, response);\n    }",
        "label": 0,
        "graph": "/home/tu/exp/Datasets/ForEXP/outputgraph/134395_CWE23_Relative_Path_Traversal__getParameter_Servlet_73a/1-cpg.dot",
        "buggy_line": {},
        "cwe_id": [],
        "graph_community_sliced": "/home/tu/exp/Datasets/ForEXP/outputgraph_community/134395_CWE23_Relative_Path_Traversal__getParameter_Servlet_73a/134395_CWE23_Relative_Path_Traversal__getParameter_Servlet_73a_good_42_45.dot"
    },
    "134395_CWE23_Relative_Path_Traversal__getParameter_Servlet_73a_goodG2B_48_60": {
        "filename": "134395_CWE23_Relative_Path_Traversal__getParameter_Servlet_73a",
        "function_name": "goodG2B",
        "code": "private void goodG2B(HttpServletRequest request, HttpServletResponse response) throws Throwable\n    {\n        String data;\n\n        /* FIX: Use a hardcoded string */\n        data = \"foo\";\n\n        LinkedList<String> dataLinkedList = new LinkedList<String>();\n        dataLinkedList.add(0, data);\n        dataLinkedList.add(1, data);\n        dataLinkedList.add(2, data);\n        (new CWE23_Relative_Path_Traversal__getParameter_Servlet_73b()).goodG2BSink(dataLinkedList , request, response );\n    }",
        "label": 0,
        "graph": "/home/tu/exp/Datasets/ForEXP/outputgraph/134395_CWE23_Relative_Path_Traversal__getParameter_Servlet_73a/2-cpg.dot",
        "buggy_line": {},
        "cwe_id": [],
        "graph_community_sliced": "/home/tu/exp/Datasets/ForEXP/outputgraph_community/134395_CWE23_Relative_Path_Traversal__getParameter_Servlet_73a/134395_CWE23_Relative_Path_Traversal__getParameter_Servlet_73a_goodG2B_48_60.dot"
    },
    "134395_CWE23_Relative_Path_Traversal__getParameter_Servlet_73a_main_67_71": {
        "filename": "134395_CWE23_Relative_Path_Traversal__getParameter_Servlet_73a",
        "function_name": "main",
        "code": "public static void main(String[] args) throws ClassNotFoundException,\n           InstantiationException, IllegalAccessException\n    {\n        mainFromParent(args);\n    }",
        "label": 0,
        "graph": "/home/tu/exp/Datasets/ForEXP/outputgraph/134395_CWE23_Relative_Path_Traversal__getParameter_Servlet_73a/3-cpg.dot",
        "buggy_line": {},
        "cwe_id": [],
        "graph_community_sliced": "/home/tu/exp/Datasets/ForEXP/outputgraph_community/134395_CWE23_Relative_Path_Traversal__getParameter_Servlet_73a/134395_CWE23_Relative_Path_Traversal__getParameter_Servlet_73a_main_67_71.dot"
    }
}