{
    "134386_CWE23_Relative_Path_Traversal__getParameter_Servlet_52a_bad_27_35": {
        "filename": "134386_CWE23_Relative_Path_Traversal__getParameter_Servlet_52a",
        "function_name": "bad",
        "code": "public void bad(HttpServletRequest request, HttpServletResponse response) throws Throwable\n    {\n        String data;\n\n        /* POTENTIAL FLAW: Read data from a querystring using getParameter */\n        data = request.getParameter(\"name\");\n\n        (new CWE23_Relative_Path_Traversal__getParameter_Servlet_52b()).badSink(data , request, response);\n    }",
        "label": 1,
        "graph": "/home/tu/exp/Datasets/ForEXP/outputgraph/134386_CWE23_Relative_Path_Traversal__getParameter_Servlet_52a/0-cpg.dot",
        "buggy_line": {
            "32": "data = request.getParameter(\"name\");"
        },
        "cwe_id": "CWE-23",
        "graph_community_sliced": "/home/tu/exp/Datasets/ForEXP/outputgraph_community/134386_CWE23_Relative_Path_Traversal__getParameter_Servlet_52a/134386_CWE23_Relative_Path_Traversal__getParameter_Servlet_52a_bad_27_35.dot"
    },
    "134386_CWE23_Relative_Path_Traversal__getParameter_Servlet_52a_good_37_40": {
        "filename": "134386_CWE23_Relative_Path_Traversal__getParameter_Servlet_52a",
        "function_name": "good",
        "code": "public void good(HttpServletRequest request, HttpServletResponse response) throws Throwable\n    {\n        goodG2B(request, response);\n    }",
        "label": 0,
        "graph": "/home/tu/exp/Datasets/ForEXP/outputgraph/134386_CWE23_Relative_Path_Traversal__getParameter_Servlet_52a/1-cpg.dot",
        "buggy_line": {},
        "cwe_id": [],
        "graph_community_sliced": "/home/tu/exp/Datasets/ForEXP/outputgraph_community/134386_CWE23_Relative_Path_Traversal__getParameter_Servlet_52a/134386_CWE23_Relative_Path_Traversal__getParameter_Servlet_52a_good_37_40.dot"
    },
    "134386_CWE23_Relative_Path_Traversal__getParameter_Servlet_52a_goodG2B_43_51": {
        "filename": "134386_CWE23_Relative_Path_Traversal__getParameter_Servlet_52a",
        "function_name": "goodG2B",
        "code": "private void goodG2B(HttpServletRequest request, HttpServletResponse response) throws Throwable\n    {\n        String data;\n\n        /* FIX: Use a hardcoded string */\n        data = \"foo\";\n\n        (new CWE23_Relative_Path_Traversal__getParameter_Servlet_52b()).goodG2BSink(data , request, response);\n    }",
        "label": 0,
        "graph": "/home/tu/exp/Datasets/ForEXP/outputgraph/134386_CWE23_Relative_Path_Traversal__getParameter_Servlet_52a/2-cpg.dot",
        "buggy_line": {},
        "cwe_id": [],
        "graph_community_sliced": "/home/tu/exp/Datasets/ForEXP/outputgraph_community/134386_CWE23_Relative_Path_Traversal__getParameter_Servlet_52a/134386_CWE23_Relative_Path_Traversal__getParameter_Servlet_52a_goodG2B_43_51.dot"
    },
    "134386_CWE23_Relative_Path_Traversal__getParameter_Servlet_52a_main_58_62": {
        "filename": "134386_CWE23_Relative_Path_Traversal__getParameter_Servlet_52a",
        "function_name": "main",
        "code": "public static void main(String[] args) throws ClassNotFoundException,\n           InstantiationException, IllegalAccessException\n    {\n        mainFromParent(args);\n    }",
        "label": 0,
        "graph": "/home/tu/exp/Datasets/ForEXP/outputgraph/134386_CWE23_Relative_Path_Traversal__getParameter_Servlet_52a/3-cpg.dot",
        "buggy_line": {},
        "cwe_id": [],
        "graph_community_sliced": "/home/tu/exp/Datasets/ForEXP/outputgraph_community/134386_CWE23_Relative_Path_Traversal__getParameter_Servlet_52a/134386_CWE23_Relative_Path_Traversal__getParameter_Servlet_52a_main_58_62.dot"
    }
}