{
    "134317_CWE23_Relative_Path_Traversal__database_67a_bad_38_110": {
        "filename": "134317_CWE23_Relative_Path_Traversal__database_67a",
        "function_name": "bad",
        "code": "public void bad() throws Throwable\n    {\n        String data;\n\n        data = \"\"; /* Initialize data */\n\n        /* Read data from a database */\n        {\n            Connection connection = null;\n            PreparedStatement preparedStatement = null;\n            ResultSet resultSet = null;\n\n            try\n            {\n                /* setup the connection */\n                connection = IO.getDBConnection();\n\n                /* prepare and execute a (hardcoded) query */\n                preparedStatement = connection.prepareStatement(\"select name from users where id=0\");\n                resultSet = preparedStatement.executeQuery();\n\n                /* POTENTIAL FLAW: Read data from a database query resultset */\n                data = resultSet.getString(1);\n            }\n            catch (SQLException exceptSql)\n            {\n                IO.logger.log(Level.WARNING, \"Error with SQL statement\", exceptSql);\n            }\n            finally\n            {\n                /* Close database objects */\n                try\n                {\n                    if (resultSet != null)\n                    {\n                        resultSet.close();\n                    }\n                }\n                catch (SQLException exceptSql)\n                {\n                    IO.logger.log(Level.WARNING, \"Error closing ResultSet\", exceptSql);\n                }\n\n                try\n                {\n                    if (preparedStatement != null)\n                    {\n                        preparedStatement.close();\n                    }\n                }\n                catch (SQLException exceptSql)\n                {\n                    IO.logger.log(Level.WARNING, \"Error closing PreparedStatement\", exceptSql);\n                }\n\n                try\n                {\n                    if (connection != null)\n                    {\n                        connection.close();\n                    }\n                }\n                catch (SQLException exceptSql)\n                {\n                    IO.logger.log(Level.WARNING, \"Error closing Connection\", exceptSql);\n                }\n            }\n        }\n\n        Container dataContainer = new Container();\n        dataContainer.containerOne = data;\n        (new CWE23_Relative_Path_Traversal__database_67b()).badSink(dataContainer  );\n    }",
        "label": 1,
        "graph": "/home/tu/exp/Datasets/ForEXP/outputgraph/134317_CWE23_Relative_Path_Traversal__database_67a/1-cpg.dot",
        "buggy_line": {
            "60": "data = resultSet.getString(1);"
        },
        "cwe_id": "CWE-23",
        "graph_community_sliced": "/home/tu/exp/Datasets/ForEXP/outputgraph_community/134317_CWE23_Relative_Path_Traversal__database_67a/134317_CWE23_Relative_Path_Traversal__database_67a_bad_38_110.dot"
    },
    "134317_CWE23_Relative_Path_Traversal__database_67a_good_112_115": {
        "filename": "134317_CWE23_Relative_Path_Traversal__database_67a",
        "function_name": "good",
        "code": "public void good() throws Throwable\n    {\n        goodG2B();\n    }",
        "label": 0,
        "graph": "/home/tu/exp/Datasets/ForEXP/outputgraph/134317_CWE23_Relative_Path_Traversal__database_67a/2-cpg.dot",
        "buggy_line": {},
        "cwe_id": [],
        "graph_community_sliced": "/home/tu/exp/Datasets/ForEXP/outputgraph_community/134317_CWE23_Relative_Path_Traversal__database_67a/134317_CWE23_Relative_Path_Traversal__database_67a_good_112_115.dot"
    },
    "134317_CWE23_Relative_Path_Traversal__database_67a_goodG2B_118_128": {
        "filename": "134317_CWE23_Relative_Path_Traversal__database_67a",
        "function_name": "goodG2B",
        "code": "private void goodG2B() throws Throwable\n    {\n        String data;\n\n        /* FIX: Use a hardcoded string */\n        data = \"foo\";\n\n        Container dataContainer = new Container();\n        dataContainer.containerOne = data;\n        (new CWE23_Relative_Path_Traversal__database_67b()).goodG2BSink(dataContainer  );\n    }",
        "label": 0,
        "graph": "/home/tu/exp/Datasets/ForEXP/outputgraph/134317_CWE23_Relative_Path_Traversal__database_67a/3-cpg.dot",
        "buggy_line": {},
        "cwe_id": [],
        "graph_community_sliced": "/home/tu/exp/Datasets/ForEXP/outputgraph_community/134317_CWE23_Relative_Path_Traversal__database_67a/134317_CWE23_Relative_Path_Traversal__database_67a_goodG2B_118_128.dot"
    },
    "134317_CWE23_Relative_Path_Traversal__database_67a_main_135_139": {
        "filename": "134317_CWE23_Relative_Path_Traversal__database_67a",
        "function_name": "main",
        "code": "public static void main(String[] args) throws ClassNotFoundException,\n           InstantiationException, IllegalAccessException\n    {\n        mainFromParent(args);\n    }",
        "label": 0,
        "graph": "/home/tu/exp/Datasets/ForEXP/outputgraph/134317_CWE23_Relative_Path_Traversal__database_67a/4-cpg.dot",
        "buggy_line": {},
        "cwe_id": [],
        "graph_community_sliced": "/home/tu/exp/Datasets/ForEXP/outputgraph_community/134317_CWE23_Relative_Path_Traversal__database_67a/134317_CWE23_Relative_Path_Traversal__database_67a_main_135_139.dot"
    }
}