{
    "134397_CWE23_Relative_Path_Traversal__getParameter_Servlet_75a_bad_32_82": {
        "filename": "134397_CWE23_Relative_Path_Traversal__getParameter_Servlet_75a",
        "function_name": "bad",
        "code": "public void bad(HttpServletRequest request, HttpServletResponse response) throws Throwable\n    {\n        String data;\n\n        /* POTENTIAL FLAW: Read data from a querystring using getParameter */\n        data = request.getParameter(\"name\");\n\n        /* serialize data to a byte array */\n        ByteArrayOutputStream streamByteArrayOutput = null;\n        ObjectOutput outputObject = null;\n\n        try\n        {\n            streamByteArrayOutput = new ByteArrayOutputStream() ;\n            outputObject = new ObjectOutputStream(streamByteArrayOutput) ;\n            outputObject.writeObject(data);\n            byte[] dataSerialized = streamByteArrayOutput.toByteArray();\n            (new CWE23_Relative_Path_Traversal__getParameter_Servlet_75b()).badSink(dataSerialized , request, response );\n        }\n        catch (IOException exceptIO)\n        {\n            IO.logger.log(Level.WARNING, \"IOException in serialization\", exceptIO);\n        }\n        finally\n        {\n            /* clean up stream writing objects */\n            try\n            {\n                if (outputObject != null)\n                {\n                    outputObject.close();\n                }\n            }\n            catch (IOException exceptIO)\n            {\n                IO.logger.log(Level.WARNING, \"Error closing ObjectOutputStream\", exceptIO);\n            }\n\n            try\n            {\n                if (streamByteArrayOutput != null)\n                {\n                    streamByteArrayOutput.close();\n                }\n            }\n            catch (IOException exceptIO)\n            {\n                IO.logger.log(Level.WARNING, \"Error closing ByteArrayOutputStream\", exceptIO);\n            }\n        }\n    }",
        "label": 1,
        "graph": "/home/tu/exp/Datasets/ForEXP/outputgraph/134397_CWE23_Relative_Path_Traversal__getParameter_Servlet_75a/0-cpg.dot",
        "buggy_line": {
            "37": "data = request.getParameter(\"name\");"
        },
        "cwe_id": "CWE-23",
        "graph_community_sliced": "/home/tu/exp/Datasets/ForEXP/outputgraph_community/134397_CWE23_Relative_Path_Traversal__getParameter_Servlet_75a/134397_CWE23_Relative_Path_Traversal__getParameter_Servlet_75a_bad_32_82.dot"
    },
    "134397_CWE23_Relative_Path_Traversal__getParameter_Servlet_75a_good_84_87": {
        "filename": "134397_CWE23_Relative_Path_Traversal__getParameter_Servlet_75a",
        "function_name": "good",
        "code": "public void good(HttpServletRequest request, HttpServletResponse response) throws Throwable\n    {\n        goodG2B(request, response);\n    }",
        "label": 0,
        "graph": "/home/tu/exp/Datasets/ForEXP/outputgraph/134397_CWE23_Relative_Path_Traversal__getParameter_Servlet_75a/1-cpg.dot",
        "buggy_line": {},
        "cwe_id": [],
        "graph_community_sliced": "/home/tu/exp/Datasets/ForEXP/outputgraph_community/134397_CWE23_Relative_Path_Traversal__getParameter_Servlet_75a/134397_CWE23_Relative_Path_Traversal__getParameter_Servlet_75a_good_84_87.dot"
    },
    "134397_CWE23_Relative_Path_Traversal__getParameter_Servlet_75a_goodG2B_90_140": {
        "filename": "134397_CWE23_Relative_Path_Traversal__getParameter_Servlet_75a",
        "function_name": "goodG2B",
        "code": "private void goodG2B(HttpServletRequest request, HttpServletResponse response) throws Throwable\n    {\n        String data;\n\n        /* FIX: Use a hardcoded string */\n        data = \"foo\";\n\n        /* serialize data to a byte array */\n        ByteArrayOutputStream streamByteArrayOutput = null;\n        ObjectOutput outputObject = null;\n\n        try\n        {\n            streamByteArrayOutput = new ByteArrayOutputStream() ;\n            outputObject = new ObjectOutputStream(streamByteArrayOutput) ;\n            outputObject.writeObject(data);\n            byte[] dataSerialized = streamByteArrayOutput.toByteArray();\n            (new CWE23_Relative_Path_Traversal__getParameter_Servlet_75b()).goodG2BSink(dataSerialized , request, response );\n        }\n        catch (IOException exceptIO)\n        {\n            IO.logger.log(Level.WARNING, \"IOException in serialization\", exceptIO);\n        }\n        finally\n        {\n            /* clean up stream writing objects */\n            try\n            {\n                if (outputObject != null)\n                {\n                    outputObject.close();\n                }\n            }\n            catch (IOException exceptIO)\n            {\n                IO.logger.log(Level.WARNING, \"Error closing ObjectOutputStream\", exceptIO);\n            }\n\n            try\n            {\n                if (streamByteArrayOutput != null)\n                {\n                    streamByteArrayOutput.close();\n                }\n            }\n            catch (IOException exceptIO)\n            {\n                IO.logger.log(Level.WARNING, \"Error closing ByteArrayOutputStream\", exceptIO);\n            }\n        }\n    }",
        "label": 0,
        "graph": "/home/tu/exp/Datasets/ForEXP/outputgraph/134397_CWE23_Relative_Path_Traversal__getParameter_Servlet_75a/2-cpg.dot",
        "buggy_line": {},
        "cwe_id": [],
        "graph_community_sliced": "/home/tu/exp/Datasets/ForEXP/outputgraph_community/134397_CWE23_Relative_Path_Traversal__getParameter_Servlet_75a/134397_CWE23_Relative_Path_Traversal__getParameter_Servlet_75a_goodG2B_90_140.dot"
    },
    "134397_CWE23_Relative_Path_Traversal__getParameter_Servlet_75a_main_147_151": {
        "filename": "134397_CWE23_Relative_Path_Traversal__getParameter_Servlet_75a",
        "function_name": "main",
        "code": "public static void main(String[] args) throws ClassNotFoundException,\n           InstantiationException, IllegalAccessException\n    {\n        mainFromParent(args);\n    }",
        "label": 0,
        "graph": "/home/tu/exp/Datasets/ForEXP/outputgraph/134397_CWE23_Relative_Path_Traversal__getParameter_Servlet_75a/3-cpg.dot",
        "buggy_line": {},
        "cwe_id": [],
        "graph_community_sliced": "/home/tu/exp/Datasets/ForEXP/outputgraph_community/134397_CWE23_Relative_Path_Traversal__getParameter_Servlet_75a/134397_CWE23_Relative_Path_Traversal__getParameter_Servlet_75a_main_147_151.dot"
    }
}