{
    "134383_CWE23_Relative_Path_Traversal__getParameter_Servlet_42_badSource_28_36": {
        "filename": "134383_CWE23_Relative_Path_Traversal__getParameter_Servlet_42",
        "function_name": "badSource",
        "code": "private String badSource(HttpServletRequest request, HttpServletResponse response) throws Throwable\n    {\n        String data;\n\n        /* POTENTIAL FLAW: Read data from a querystring using getParameter */\n        data = request.getParameter(\"name\");\n\n        return data;\n    }",
        "label": 0,
        "graph": "/home/tu/exp/Datasets/ForEXP/outputgraph/134383_CWE23_Relative_Path_Traversal__getParameter_Servlet_42/0-cpg.dot",
        "buggy_line": {},
        "cwe_id": [],
        "graph_community_sliced": "/home/tu/exp/Datasets/ForEXP/outputgraph_community/134383_CWE23_Relative_Path_Traversal__getParameter_Servlet_42/134383_CWE23_Relative_Path_Traversal__getParameter_Servlet_42_badSource_28_36.dot"
    },
    "134383_CWE23_Relative_Path_Traversal__getParameter_Servlet_42_bad_39_117": {
        "filename": "134383_CWE23_Relative_Path_Traversal__getParameter_Servlet_42",
        "function_name": "bad",
        "code": "public void bad(HttpServletRequest request, HttpServletResponse response) throws Throwable\n    {\n        String data = badSource(request, response);\n\n        String root;\n        if(System.getProperty(\"os.name\").toLowerCase().indexOf(\"win\") >= 0)\n        {\n            /* running on Windows */\n            root = \"C:\\\\uploads\\\\\";\n        }\n        else\n        {\n            /* running on non-Windows */\n            root = \"/home/user/uploads/\";\n        }\n\n        if (data != null)\n        {\n            /* POTENTIAL FLAW: no validation of concatenated value */\n            File file = new File(root + data);\n            FileInputStream streamFileInputSink = null;\n            InputStreamReader readerInputStreamSink = null;\n            BufferedReader readerBufferdSink = null;\n            if (file.exists() && file.isFile())\n            {\n                try\n                {\n                    streamFileInputSink = new FileInputStream(file);\n                    readerInputStreamSink = new InputStreamReader(streamFileInputSink, \"UTF-8\");\n                    readerBufferdSink = new BufferedReader(readerInputStreamSink);\n                    IO.writeLine(readerBufferdSink.readLine());\n                }\n                catch (IOException exceptIO)\n                {\n                    IO.logger.log(Level.WARNING, \"Error with stream reading\", exceptIO);\n                }\n                finally\n                {\n                    /* Close stream reading objects */\n                    try\n                    {\n                        if (readerBufferdSink != null)\n                        {\n                            readerBufferdSink.close();\n                        }\n                    }\n                    catch (IOException exceptIO)\n                    {\n                        IO.logger.log(Level.WARNING, \"Error closing BufferedReader\", exceptIO);\n                    }\n\n                    try\n                    {\n                        if (readerInputStreamSink != null)\n                        {\n                            readerInputStreamSink.close();\n                        }\n                    }\n                    catch (IOException exceptIO)\n                    {\n                        IO.logger.log(Level.WARNING, \"Error closing InputStreamReader\", exceptIO);\n                    }\n\n                    try\n                    {\n                        if (streamFileInputSink != null)\n                        {\n                            streamFileInputSink.close();\n                        }\n                    }\n                    catch (IOException exceptIO)\n                    {\n                        IO.logger.log(Level.WARNING, \"Error closing FileInputStream\", exceptIO);\n                    }\n                }\n            }\n        }\n\n    }",
        "label": 1,
        "graph": "/home/tu/exp/Datasets/ForEXP/outputgraph/134383_CWE23_Relative_Path_Traversal__getParameter_Servlet_42/1-cpg.dot",
        "buggy_line": {
            "58": "File file = new File(root + data);"
        },
        "cwe_id": "CWE-23",
        "graph_community_sliced": "/home/tu/exp/Datasets/ForEXP/outputgraph_community/134383_CWE23_Relative_Path_Traversal__getParameter_Servlet_42/134383_CWE23_Relative_Path_Traversal__getParameter_Servlet_42_bad_39_117.dot"
    },
    "134383_CWE23_Relative_Path_Traversal__getParameter_Servlet_42_goodG2BSource_119_127": {
        "filename": "134383_CWE23_Relative_Path_Traversal__getParameter_Servlet_42",
        "function_name": "goodG2BSource",
        "code": "private String goodG2BSource(HttpServletRequest request, HttpServletResponse response) throws Throwable\n    {\n        String data;\n\n        /* FIX: Use a hardcoded string */\n        data = \"foo\";\n\n        return data;\n    }",
        "label": 0,
        "graph": "/home/tu/exp/Datasets/ForEXP/outputgraph/134383_CWE23_Relative_Path_Traversal__getParameter_Servlet_42/2-cpg.dot",
        "buggy_line": {},
        "cwe_id": [],
        "graph_community_sliced": "/home/tu/exp/Datasets/ForEXP/outputgraph_community/134383_CWE23_Relative_Path_Traversal__getParameter_Servlet_42/134383_CWE23_Relative_Path_Traversal__getParameter_Servlet_42_goodG2BSource_119_127.dot"
    },
    "134383_CWE23_Relative_Path_Traversal__getParameter_Servlet_42_goodG2B_130_208": {
        "filename": "134383_CWE23_Relative_Path_Traversal__getParameter_Servlet_42",
        "function_name": "goodG2B",
        "code": "private void goodG2B(HttpServletRequest request, HttpServletResponse response) throws Throwable\n    {\n        String data = goodG2BSource(request, response);\n\n        String root;\n        if(System.getProperty(\"os.name\").toLowerCase().indexOf(\"win\") >= 0)\n        {\n            /* running on Windows */\n            root = \"C:\\\\uploads\\\\\";\n        }\n        else\n        {\n            /* running on non-Windows */\n            root = \"/home/user/uploads/\";\n        }\n\n        if (data != null)\n        {\n            /* POTENTIAL FLAW: no validation of concatenated value */\n            File file = new File(root + data);\n            FileInputStream streamFileInputSink = null;\n            InputStreamReader readerInputStreamSink = null;\n            BufferedReader readerBufferdSink = null;\n            if (file.exists() && file.isFile())\n            {\n                try\n                {\n                    streamFileInputSink = new FileInputStream(file);\n                    readerInputStreamSink = new InputStreamReader(streamFileInputSink, \"UTF-8\");\n                    readerBufferdSink = new BufferedReader(readerInputStreamSink);\n                    IO.writeLine(readerBufferdSink.readLine());\n                }\n                catch (IOException exceptIO)\n                {\n                    IO.logger.log(Level.WARNING, \"Error with stream reading\", exceptIO);\n                }\n                finally\n                {\n                    /* Close stream reading objects */\n                    try\n                    {\n                        if (readerBufferdSink != null)\n                        {\n                            readerBufferdSink.close();\n                        }\n                    }\n                    catch (IOException exceptIO)\n                    {\n                        IO.logger.log(Level.WARNING, \"Error closing BufferedReader\", exceptIO);\n                    }\n\n                    try\n                    {\n                        if (readerInputStreamSink != null)\n                        {\n                            readerInputStreamSink.close();\n                        }\n                    }\n                    catch (IOException exceptIO)\n                    {\n                        IO.logger.log(Level.WARNING, \"Error closing InputStreamReader\", exceptIO);\n                    }\n\n                    try\n                    {\n                        if (streamFileInputSink != null)\n                        {\n                            streamFileInputSink.close();\n                        }\n                    }\n                    catch (IOException exceptIO)\n                    {\n                        IO.logger.log(Level.WARNING, \"Error closing FileInputStream\", exceptIO);\n                    }\n                }\n            }\n        }\n\n    }",
        "label": 0,
        "graph": "/home/tu/exp/Datasets/ForEXP/outputgraph/134383_CWE23_Relative_Path_Traversal__getParameter_Servlet_42/3-cpg.dot",
        "buggy_line": {},
        "cwe_id": [],
        "graph_community_sliced": "/home/tu/exp/Datasets/ForEXP/outputgraph_community/134383_CWE23_Relative_Path_Traversal__getParameter_Servlet_42/134383_CWE23_Relative_Path_Traversal__getParameter_Servlet_42_goodG2B_130_208.dot"
    },
    "134383_CWE23_Relative_Path_Traversal__getParameter_Servlet_42_good_210_213": {
        "filename": "134383_CWE23_Relative_Path_Traversal__getParameter_Servlet_42",
        "function_name": "good",
        "code": "public void good(HttpServletRequest request, HttpServletResponse response) throws Throwable\n    {\n        goodG2B(request, response);\n    }",
        "label": 0,
        "graph": "/home/tu/exp/Datasets/ForEXP/outputgraph/134383_CWE23_Relative_Path_Traversal__getParameter_Servlet_42/4-cpg.dot",
        "buggy_line": {},
        "cwe_id": [],
        "graph_community_sliced": "/home/tu/exp/Datasets/ForEXP/outputgraph_community/134383_CWE23_Relative_Path_Traversal__getParameter_Servlet_42/134383_CWE23_Relative_Path_Traversal__getParameter_Servlet_42_good_210_213.dot"
    },
    "134383_CWE23_Relative_Path_Traversal__getParameter_Servlet_42_main_220_224": {
        "filename": "134383_CWE23_Relative_Path_Traversal__getParameter_Servlet_42",
        "function_name": "main",
        "code": "public static void main(String[] args) throws ClassNotFoundException,\n           InstantiationException, IllegalAccessException\n    {\n        mainFromParent(args);\n    }",
        "label": 0,
        "graph": "/home/tu/exp/Datasets/ForEXP/outputgraph/134383_CWE23_Relative_Path_Traversal__getParameter_Servlet_42/5-cpg.dot",
        "buggy_line": {},
        "cwe_id": [],
        "graph_community_sliced": "/home/tu/exp/Datasets/ForEXP/outputgraph_community/134383_CWE23_Relative_Path_Traversal__getParameter_Servlet_42/134383_CWE23_Relative_Path_Traversal__getParameter_Servlet_42_main_220_224.dot"
    }
}