{
    "134423_CWE23_Relative_Path_Traversal__getQueryString_Servlet_52a_bad_28_49": {
        "filename": "134423_CWE23_Relative_Path_Traversal__getQueryString_Servlet_52a",
        "function_name": "bad",
        "code": "public void bad(HttpServletRequest request, HttpServletResponse response) throws Throwable\n    {\n        String data;\n\n        data = \"\"; /* initialize data in case id is not in query string */\n\n        /* POTENTIAL FLAW: Parse id param out of the URL querystring (without using getParameter()) */\n        {\n            StringTokenizer tokenizer = new StringTokenizer(request.getQueryString(), \"&\");\n            while (tokenizer.hasMoreTokens())\n            {\n                String token = tokenizer.nextToken(); /* a token will be like \"id=foo\" */\n                if(token.startsWith(\"id=\")) /* check if we have the \"id\" parameter\" */\n                {\n                    data = token.substring(3); /* set data to \"foo\" */\n                    break; /* exit while loop */\n                }\n            }\n        }\n\n        (new CWE23_Relative_Path_Traversal__getQueryString_Servlet_52b()).badSink(data , request, response);\n    }",
        "label": 1,
        "graph": "/home/tu/exp/Datasets/ForEXP/outputgraph/134423_CWE23_Relative_Path_Traversal__getQueryString_Servlet_52a/0-cpg.dot",
        "buggy_line": {
            "35": "{"
        },
        "cwe_id": "CWE-23",
        "graph_community_sliced": "/home/tu/exp/Datasets/ForEXP/outputgraph_community/134423_CWE23_Relative_Path_Traversal__getQueryString_Servlet_52a/134423_CWE23_Relative_Path_Traversal__getQueryString_Servlet_52a_bad_28_49.dot"
    },
    "134423_CWE23_Relative_Path_Traversal__getQueryString_Servlet_52a_good_51_54": {
        "filename": "134423_CWE23_Relative_Path_Traversal__getQueryString_Servlet_52a",
        "function_name": "good",
        "code": "public void good(HttpServletRequest request, HttpServletResponse response) throws Throwable\n    {\n        goodG2B(request, response);\n    }",
        "label": 0,
        "graph": "/home/tu/exp/Datasets/ForEXP/outputgraph/134423_CWE23_Relative_Path_Traversal__getQueryString_Servlet_52a/1-cpg.dot",
        "buggy_line": {},
        "cwe_id": [],
        "graph_community_sliced": "/home/tu/exp/Datasets/ForEXP/outputgraph_community/134423_CWE23_Relative_Path_Traversal__getQueryString_Servlet_52a/134423_CWE23_Relative_Path_Traversal__getQueryString_Servlet_52a_good_51_54.dot"
    },
    "134423_CWE23_Relative_Path_Traversal__getQueryString_Servlet_52a_goodG2B_57_65": {
        "filename": "134423_CWE23_Relative_Path_Traversal__getQueryString_Servlet_52a",
        "function_name": "goodG2B",
        "code": "private void goodG2B(HttpServletRequest request, HttpServletResponse response) throws Throwable\n    {\n        String data;\n\n        /* FIX: Use a hardcoded string */\n        data = \"foo\";\n\n        (new CWE23_Relative_Path_Traversal__getQueryString_Servlet_52b()).goodG2BSink(data , request, response);\n    }",
        "label": 0,
        "graph": "/home/tu/exp/Datasets/ForEXP/outputgraph/134423_CWE23_Relative_Path_Traversal__getQueryString_Servlet_52a/2-cpg.dot",
        "buggy_line": {},
        "cwe_id": [],
        "graph_community_sliced": "/home/tu/exp/Datasets/ForEXP/outputgraph_community/134423_CWE23_Relative_Path_Traversal__getQueryString_Servlet_52a/134423_CWE23_Relative_Path_Traversal__getQueryString_Servlet_52a_goodG2B_57_65.dot"
    },
    "134423_CWE23_Relative_Path_Traversal__getQueryString_Servlet_52a_main_72_76": {
        "filename": "134423_CWE23_Relative_Path_Traversal__getQueryString_Servlet_52a",
        "function_name": "main",
        "code": "public static void main(String[] args) throws ClassNotFoundException,\n           InstantiationException, IllegalAccessException\n    {\n        mainFromParent(args);\n    }",
        "label": 0,
        "graph": "/home/tu/exp/Datasets/ForEXP/outputgraph/134423_CWE23_Relative_Path_Traversal__getQueryString_Servlet_52a/3-cpg.dot",
        "buggy_line": {},
        "cwe_id": [],
        "graph_community_sliced": "/home/tu/exp/Datasets/ForEXP/outputgraph_community/134423_CWE23_Relative_Path_Traversal__getQueryString_Servlet_52a/134423_CWE23_Relative_Path_Traversal__getQueryString_Servlet_52a_main_72_76.dot"
    }
}