{
    "134453_CWE23_Relative_Path_Traversal__listen_tcp_21_bad_38_119": {
        "filename": "134453_CWE23_Relative_Path_Traversal__listen_tcp_21",
        "function_name": "bad",
        "code": "public void bad() throws Throwable\n    {\n        String data;\n\n        badPrivate = true;\n        data = bad_source();\n\n        String root;\n        if(System.getProperty(\"os.name\").toLowerCase().indexOf(\"win\") >= 0)\n        {\n            /* running on Windows */\n            root = \"C:\\\\uploads\\\\\";\n        }\n        else\n        {\n            /* running on non-Windows */\n            root = \"/home/user/uploads/\";\n        }\n\n        if (data != null)\n        {\n            /* POTENTIAL FLAW: no validation of concatenated value */\n            File file = new File(root + data);\n            FileInputStream streamFileInputSink = null;\n            InputStreamReader readerInputStreamSink = null;\n            BufferedReader readerBufferdSink = null;\n            if (file.exists() && file.isFile())\n            {\n                try\n                {\n                    streamFileInputSink = new FileInputStream(file);\n                    readerInputStreamSink = new InputStreamReader(streamFileInputSink, \"UTF-8\");\n                    readerBufferdSink = new BufferedReader(readerInputStreamSink);\n                    IO.writeLine(readerBufferdSink.readLine());\n                }\n                catch (IOException exceptIO)\n                {\n                    IO.logger.log(Level.WARNING, \"Error with stream reading\", exceptIO);\n                }\n                finally\n                {\n                    /* Close stream reading objects */\n                    try\n                    {\n                        if (readerBufferdSink != null)\n                        {\n                            readerBufferdSink.close();\n                        }\n                    }\n                    catch (IOException exceptIO)\n                    {\n                        IO.logger.log(Level.WARNING, \"Error closing BufferedReader\", exceptIO);\n                    }\n\n                    try\n                    {\n                        if (readerInputStreamSink != null)\n                        {\n                            readerInputStreamSink.close();\n                        }\n                    }\n                    catch (IOException exceptIO)\n                    {\n                        IO.logger.log(Level.WARNING, \"Error closing InputStreamReader\", exceptIO);\n                    }\n\n                    try\n                    {\n                        if (streamFileInputSink != null)\n                        {\n                            streamFileInputSink.close();\n                        }\n                    }\n                    catch (IOException exceptIO)\n                    {\n                        IO.logger.log(Level.WARNING, \"Error closing FileInputStream\", exceptIO);\n                    }\n                }\n            }\n        }\n\n    }",
        "label": 1,
        "graph": "/home/tu/exp/Datasets/ForEXP/outputgraph/134453_CWE23_Relative_Path_Traversal__listen_tcp_21/0-cpg.dot",
        "buggy_line": {
            "60": "File file = new File(root + data);"
        },
        "cwe_id": "CWE-23",
        "graph_community_sliced": "/home/tu/exp/Datasets/ForEXP/outputgraph_community/134453_CWE23_Relative_Path_Traversal__listen_tcp_21/134453_CWE23_Relative_Path_Traversal__listen_tcp_21_bad_38_119.dot"
    },
    "134453_CWE23_Relative_Path_Traversal__listen_tcp_21_bad_source_121_211": {
        "filename": "134453_CWE23_Relative_Path_Traversal__listen_tcp_21",
        "function_name": "bad_source",
        "code": "private String bad_source() throws Throwable\n    {\n        String data;\n\n        if (badPrivate)\n        {\n            data = \"\"; /* Initialize data */\n            /* Read data using a listening tcp connection */\n            {\n                ServerSocket listener = null;\n                Socket socket = null;\n                BufferedReader readerBuffered = null;\n                InputStreamReader readerInputStream = null;\n                /* Read data using a listening tcp connection */\n                try\n                {\n                    listener = new ServerSocket(39543);\n                    socket = listener.accept();\n                    /* read input from socket */\n                    readerInputStream = new InputStreamReader(socket.getInputStream(), \"UTF-8\");\n                    readerBuffered = new BufferedReader(readerInputStream);\n                    /* POTENTIAL FLAW: Read data using a listening tcp connection */\n                    data = readerBuffered.readLine();\n                }\n                catch (IOException exceptIO)\n                {\n                    IO.logger.log(Level.WARNING, \"Error with stream reading\", exceptIO);\n                }\n                finally\n                {\n                    /* Close stream reading objects */\n                    try\n                    {\n                        if (readerBuffered != null)\n                        {\n                            readerBuffered.close();\n                        }\n                    }\n                    catch (IOException exceptIO)\n                    {\n                        IO.logger.log(Level.WARNING, \"Error closing BufferedReader\", exceptIO);\n                    }\n\n                    try\n                    {\n                        if (readerInputStream != null)\n                        {\n                            readerInputStream.close();\n                        }\n                    }\n                    catch (IOException exceptIO)\n                    {\n                        IO.logger.log(Level.WARNING, \"Error closing InputStreamReader\", exceptIO);\n                    }\n\n                    /* Close socket objects */\n                    try\n                    {\n                        if (socket != null)\n                        {\n                            socket.close();\n                        }\n                    }\n                    catch (IOException exceptIO)\n                    {\n                        IO.logger.log(Level.WARNING, \"Error closing Socket\", exceptIO);\n                    }\n\n                    try\n                    {\n                        if (listener != null)\n                        {\n                            listener.close();\n                        }\n                    }\n                    catch (IOException exceptIO)\n                    {\n                        IO.logger.log(Level.WARNING, \"Error closing ServerSocket\", exceptIO);\n                    }\n                }\n            }\n        }\n        else\n        {\n            /* INCIDENTAL: CWE 561 Dead Code, the code below will never run\n             * but ensure data is inititialized before the Sink to avoid compiler errors */\n            data = null;\n        }\n\n        return data;\n    }",
        "label": 1,
        "graph": "/home/tu/exp/Datasets/ForEXP/outputgraph/134453_CWE23_Relative_Path_Traversal__listen_tcp_21/1-cpg.dot",
        "buggy_line": {
            "143": "data = readerBuffered.readLine();"
        },
        "cwe_id": "CWE-23",
        "graph_community_sliced": "/home/tu/exp/Datasets/ForEXP/outputgraph_community/134453_CWE23_Relative_Path_Traversal__listen_tcp_21/134453_CWE23_Relative_Path_Traversal__listen_tcp_21_bad_source_121_211.dot"
    },
    "134453_CWE23_Relative_Path_Traversal__listen_tcp_21_good_217_221": {
        "filename": "134453_CWE23_Relative_Path_Traversal__listen_tcp_21",
        "function_name": "good",
        "code": "public void good() throws Throwable\n    {\n        goodG2B1();\n        goodG2B2();\n    }",
        "label": 0,
        "graph": "/home/tu/exp/Datasets/ForEXP/outputgraph/134453_CWE23_Relative_Path_Traversal__listen_tcp_21/2-cpg.dot",
        "buggy_line": {},
        "cwe_id": [],
        "graph_community_sliced": "/home/tu/exp/Datasets/ForEXP/outputgraph_community/134453_CWE23_Relative_Path_Traversal__listen_tcp_21/134453_CWE23_Relative_Path_Traversal__listen_tcp_21_good_217_221.dot"
    },
    "134453_CWE23_Relative_Path_Traversal__listen_tcp_21_goodG2B1_224_305": {
        "filename": "134453_CWE23_Relative_Path_Traversal__listen_tcp_21",
        "function_name": "goodG2B1",
        "code": "private void goodG2B1() throws Throwable\n    {\n        String data;\n\n        goodG2B1_private = false;\n        data = goodG2B1_source();\n\n        String root;\n        if(System.getProperty(\"os.name\").toLowerCase().indexOf(\"win\") >= 0)\n        {\n            /* running on Windows */\n            root = \"C:\\\\uploads\\\\\";\n        }\n        else\n        {\n            /* running on non-Windows */\n            root = \"/home/user/uploads/\";\n        }\n\n        if (data != null)\n        {\n            /* POTENTIAL FLAW: no validation of concatenated value */\n            File file = new File(root + data);\n            FileInputStream streamFileInputSink = null;\n            InputStreamReader readerInputStreamSink = null;\n            BufferedReader readerBufferdSink = null;\n            if (file.exists() && file.isFile())\n            {\n                try\n                {\n                    streamFileInputSink = new FileInputStream(file);\n                    readerInputStreamSink = new InputStreamReader(streamFileInputSink, \"UTF-8\");\n                    readerBufferdSink = new BufferedReader(readerInputStreamSink);\n                    IO.writeLine(readerBufferdSink.readLine());\n                }\n                catch (IOException exceptIO)\n                {\n                    IO.logger.log(Level.WARNING, \"Error with stream reading\", exceptIO);\n                }\n                finally\n                {\n                    /* Close stream reading objects */\n                    try\n                    {\n                        if (readerBufferdSink != null)\n                        {\n                            readerBufferdSink.close();\n                        }\n                    }\n                    catch (IOException exceptIO)\n                    {\n                        IO.logger.log(Level.WARNING, \"Error closing BufferedReader\", exceptIO);\n                    }\n\n                    try\n                    {\n                        if (readerInputStreamSink != null)\n                        {\n                            readerInputStreamSink.close();\n                        }\n                    }\n                    catch (IOException exceptIO)\n                    {\n                        IO.logger.log(Level.WARNING, \"Error closing InputStreamReader\", exceptIO);\n                    }\n\n                    try\n                    {\n                        if (streamFileInputSink != null)\n                        {\n                            streamFileInputSink.close();\n                        }\n                    }\n                    catch (IOException exceptIO)\n                    {\n                        IO.logger.log(Level.WARNING, \"Error closing FileInputStream\", exceptIO);\n                    }\n                }\n            }\n        }\n\n    }",
        "label": 0,
        "graph": "/home/tu/exp/Datasets/ForEXP/outputgraph/134453_CWE23_Relative_Path_Traversal__listen_tcp_21/3-cpg.dot",
        "buggy_line": {},
        "cwe_id": [],
        "graph_community_sliced": "/home/tu/exp/Datasets/ForEXP/outputgraph_community/134453_CWE23_Relative_Path_Traversal__listen_tcp_21/134453_CWE23_Relative_Path_Traversal__listen_tcp_21_goodG2B1_224_305.dot"
    },
    "134453_CWE23_Relative_Path_Traversal__listen_tcp_21_goodG2B1_source_307_326": {
        "filename": "134453_CWE23_Relative_Path_Traversal__listen_tcp_21",
        "function_name": "goodG2B1_source",
        "code": "private String goodG2B1_source() throws Throwable\n    {\n        String data = null;\n\n        if (goodG2B1_private)\n        {\n            /* INCIDENTAL: CWE 561 Dead Code, the code below will never run\n             * but ensure data is inititialized before the Sink to avoid compiler errors */\n            data = null;\n        }\n        else\n        {\n\n            /* FIX: Use a hardcoded string */\n            data = \"foo\";\n\n        }\n\n        return data;\n    }",
        "label": 0,
        "graph": "/home/tu/exp/Datasets/ForEXP/outputgraph/134453_CWE23_Relative_Path_Traversal__listen_tcp_21/4-cpg.dot",
        "buggy_line": {},
        "cwe_id": [],
        "graph_community_sliced": "/home/tu/exp/Datasets/ForEXP/outputgraph_community/134453_CWE23_Relative_Path_Traversal__listen_tcp_21/134453_CWE23_Relative_Path_Traversal__listen_tcp_21_goodG2B1_source_307_326.dot"
    },
    "134453_CWE23_Relative_Path_Traversal__listen_tcp_21_goodG2B2_329_410": {
        "filename": "134453_CWE23_Relative_Path_Traversal__listen_tcp_21",
        "function_name": "goodG2B2",
        "code": "private void goodG2B2() throws Throwable\n    {\n        String data;\n\n        goodG2B2_private = true;\n        data = goodG2B2_source();\n\n        String root;\n        if(System.getProperty(\"os.name\").toLowerCase().indexOf(\"win\") >= 0)\n        {\n            /* running on Windows */\n            root = \"C:\\\\uploads\\\\\";\n        }\n        else\n        {\n            /* running on non-Windows */\n            root = \"/home/user/uploads/\";\n        }\n\n        if (data != null)\n        {\n            /* POTENTIAL FLAW: no validation of concatenated value */\n            File file = new File(root + data);\n            FileInputStream streamFileInputSink = null;\n            InputStreamReader readerInputStreamSink = null;\n            BufferedReader readerBufferdSink = null;\n            if (file.exists() && file.isFile())\n            {\n                try\n                {\n                    streamFileInputSink = new FileInputStream(file);\n                    readerInputStreamSink = new InputStreamReader(streamFileInputSink, \"UTF-8\");\n                    readerBufferdSink = new BufferedReader(readerInputStreamSink);\n                    IO.writeLine(readerBufferdSink.readLine());\n                }\n                catch (IOException exceptIO)\n                {\n                    IO.logger.log(Level.WARNING, \"Error with stream reading\", exceptIO);\n                }\n                finally\n                {\n                    /* Close stream reading objects */\n                    try\n                    {\n                        if (readerBufferdSink != null)\n                        {\n                            readerBufferdSink.close();\n                        }\n                    }\n                    catch (IOException exceptIO)\n                    {\n                        IO.logger.log(Level.WARNING, \"Error closing BufferedReader\", exceptIO);\n                    }\n\n                    try\n                    {\n                        if (readerInputStreamSink != null)\n                        {\n                            readerInputStreamSink.close();\n                        }\n                    }\n                    catch (IOException exceptIO)\n                    {\n                        IO.logger.log(Level.WARNING, \"Error closing InputStreamReader\", exceptIO);\n                    }\n\n                    try\n                    {\n                        if (streamFileInputSink != null)\n                        {\n                            streamFileInputSink.close();\n                        }\n                    }\n                    catch (IOException exceptIO)\n                    {\n                        IO.logger.log(Level.WARNING, \"Error closing FileInputStream\", exceptIO);\n                    }\n                }\n            }\n        }\n\n    }",
        "label": 0,
        "graph": "/home/tu/exp/Datasets/ForEXP/outputgraph/134453_CWE23_Relative_Path_Traversal__listen_tcp_21/5-cpg.dot",
        "buggy_line": {},
        "cwe_id": [],
        "graph_community_sliced": "/home/tu/exp/Datasets/ForEXP/outputgraph_community/134453_CWE23_Relative_Path_Traversal__listen_tcp_21/134453_CWE23_Relative_Path_Traversal__listen_tcp_21_goodG2B2_329_410.dot"
    },
    "134453_CWE23_Relative_Path_Traversal__listen_tcp_21_goodG2B2_source_412_429": {
        "filename": "134453_CWE23_Relative_Path_Traversal__listen_tcp_21",
        "function_name": "goodG2B2_source",
        "code": "private String goodG2B2_source() throws Throwable\n    {\n        String data = null;\n\n        if (goodG2B2_private)\n        {\n            /* FIX: Use a hardcoded string */\n            data = \"foo\";\n        }\n        else\n        {\n            /* INCIDENTAL: CWE 561 Dead Code, the code below will never run\n             * but ensure data is inititialized before the Sink to avoid compiler errors */\n            data = null;\n        }\n\n        return data;\n    }",
        "label": 0,
        "graph": "/home/tu/exp/Datasets/ForEXP/outputgraph/134453_CWE23_Relative_Path_Traversal__listen_tcp_21/6-cpg.dot",
        "buggy_line": {},
        "cwe_id": [],
        "graph_community_sliced": "/home/tu/exp/Datasets/ForEXP/outputgraph_community/134453_CWE23_Relative_Path_Traversal__listen_tcp_21/134453_CWE23_Relative_Path_Traversal__listen_tcp_21_goodG2B2_source_412_429.dot"
    },
    "134453_CWE23_Relative_Path_Traversal__listen_tcp_21_main_436_440": {
        "filename": "134453_CWE23_Relative_Path_Traversal__listen_tcp_21",
        "function_name": "main",
        "code": "public static void main(String[] args) throws ClassNotFoundException,\n           InstantiationException, IllegalAccessException\n    {\n        mainFromParent(args);\n    }",
        "label": 0,
        "graph": "/home/tu/exp/Datasets/ForEXP/outputgraph/134453_CWE23_Relative_Path_Traversal__listen_tcp_21/7-cpg.dot",
        "buggy_line": {},
        "cwe_id": [],
        "graph_community_sliced": "/home/tu/exp/Datasets/ForEXP/outputgraph_community/134453_CWE23_Relative_Path_Traversal__listen_tcp_21/134453_CWE23_Relative_Path_Traversal__listen_tcp_21_main_436_440.dot"
    }
}