{
    "134419_CWE23_Relative_Path_Traversal__getQueryString_Servlet_41_badSink_29_106": {
        "filename": "134419_CWE23_Relative_Path_Traversal__getQueryString_Servlet_41",
        "function_name": "badSink",
        "code": "private void badSink(String data , HttpServletRequest request, HttpServletResponse response) throws Throwable\n    {\n\n        String root;\n        if(System.getProperty(\"os.name\").toLowerCase().indexOf(\"win\") >= 0)\n        {\n            /* running on Windows */\n            root = \"C:\\\\uploads\\\\\";\n        }\n        else\n        {\n            /* running on non-Windows */\n            root = \"/home/user/uploads/\";\n        }\n\n        if (data != null)\n        {\n            /* POTENTIAL FLAW: no validation of concatenated value */\n            File file = new File(root + data);\n            FileInputStream streamFileInputSink = null;\n            InputStreamReader readerInputStreamSink = null;\n            BufferedReader readerBufferdSink = null;\n            if (file.exists() && file.isFile())\n            {\n                try\n                {\n                    streamFileInputSink = new FileInputStream(file);\n                    readerInputStreamSink = new InputStreamReader(streamFileInputSink, \"UTF-8\");\n                    readerBufferdSink = new BufferedReader(readerInputStreamSink);\n                    IO.writeLine(readerBufferdSink.readLine());\n                }\n                catch (IOException exceptIO)\n                {\n                    IO.logger.log(Level.WARNING, \"Error with stream reading\", exceptIO);\n                }\n                finally\n                {\n                    /* Close stream reading objects */\n                    try\n                    {\n                        if (readerBufferdSink != null)\n                        {\n                            readerBufferdSink.close();\n                        }\n                    }\n                    catch (IOException exceptIO)\n                    {\n                        IO.logger.log(Level.WARNING, \"Error closing BufferedReader\", exceptIO);\n                    }\n\n                    try\n                    {\n                        if (readerInputStreamSink != null)\n                        {\n                            readerInputStreamSink.close();\n                        }\n                    }\n                    catch (IOException exceptIO)\n                    {\n                        IO.logger.log(Level.WARNING, \"Error closing InputStreamReader\", exceptIO);\n                    }\n\n                    try\n                    {\n                        if (streamFileInputSink != null)\n                        {\n                            streamFileInputSink.close();\n                        }\n                    }\n                    catch (IOException exceptIO)\n                    {\n                        IO.logger.log(Level.WARNING, \"Error closing FileInputStream\", exceptIO);\n                    }\n                }\n            }\n        }\n\n    }",
        "label": 0,
        "graph": "/home/tu/exp/Datasets/ForEXP/outputgraph/134419_CWE23_Relative_Path_Traversal__getQueryString_Servlet_41/0-cpg.dot",
        "buggy_line": {},
        "cwe_id": [],
        "graph_community_sliced": "/home/tu/exp/Datasets/ForEXP/outputgraph_community/134419_CWE23_Relative_Path_Traversal__getQueryString_Servlet_41/134419_CWE23_Relative_Path_Traversal__getQueryString_Servlet_41_badSink_29_106.dot"
    },
    "134419_CWE23_Relative_Path_Traversal__getQueryString_Servlet_41_bad_108_129": {
        "filename": "134419_CWE23_Relative_Path_Traversal__getQueryString_Servlet_41",
        "function_name": "bad",
        "code": "public void bad(HttpServletRequest request, HttpServletResponse response) throws Throwable\n    {\n        String data;\n\n        data = \"\"; /* initialize data in case id is not in query string */\n\n        /* POTENTIAL FLAW: Parse id param out of the URL querystring (without using getParameter()) */\n        {\n            StringTokenizer tokenizer = new StringTokenizer(request.getQueryString(), \"&\");\n            while (tokenizer.hasMoreTokens())\n            {\n                String token = tokenizer.nextToken(); /* a token will be like \"id=foo\" */\n                if(token.startsWith(\"id=\")) /* check if we have the \"id\" parameter\" */\n                {\n                    data = token.substring(3); /* set data to \"foo\" */\n                    break; /* exit while loop */\n                }\n            }\n        }\n\n        badSink(data , request, response );\n    }",
        "label": 1,
        "graph": "/home/tu/exp/Datasets/ForEXP/outputgraph/134419_CWE23_Relative_Path_Traversal__getQueryString_Servlet_41/1-cpg.dot",
        "buggy_line": {
            "115": "{"
        },
        "cwe_id": "CWE-23",
        "graph_community_sliced": "/home/tu/exp/Datasets/ForEXP/outputgraph_community/134419_CWE23_Relative_Path_Traversal__getQueryString_Servlet_41/134419_CWE23_Relative_Path_Traversal__getQueryString_Servlet_41_bad_108_129.dot"
    },
    "134419_CWE23_Relative_Path_Traversal__getQueryString_Servlet_41_good_131_134": {
        "filename": "134419_CWE23_Relative_Path_Traversal__getQueryString_Servlet_41",
        "function_name": "good",
        "code": "public void good(HttpServletRequest request, HttpServletResponse response) throws Throwable\n    {\n        goodG2B(request, response);\n    }",
        "label": 0,
        "graph": "/home/tu/exp/Datasets/ForEXP/outputgraph/134419_CWE23_Relative_Path_Traversal__getQueryString_Servlet_41/2-cpg.dot",
        "buggy_line": {},
        "cwe_id": [],
        "graph_community_sliced": "/home/tu/exp/Datasets/ForEXP/outputgraph_community/134419_CWE23_Relative_Path_Traversal__getQueryString_Servlet_41/134419_CWE23_Relative_Path_Traversal__getQueryString_Servlet_41_good_131_134.dot"
    },
    "134419_CWE23_Relative_Path_Traversal__getQueryString_Servlet_41_goodG2BSink_136_213": {
        "filename": "134419_CWE23_Relative_Path_Traversal__getQueryString_Servlet_41",
        "function_name": "goodG2BSink",
        "code": "private void goodG2BSink(String data , HttpServletRequest request, HttpServletResponse response) throws Throwable\n    {\n\n        String root;\n        if(System.getProperty(\"os.name\").toLowerCase().indexOf(\"win\") >= 0)\n        {\n            /* running on Windows */\n            root = \"C:\\\\uploads\\\\\";\n        }\n        else\n        {\n            /* running on non-Windows */\n            root = \"/home/user/uploads/\";\n        }\n\n        if (data != null)\n        {\n            /* POTENTIAL FLAW: no validation of concatenated value */\n            File file = new File(root + data);\n            FileInputStream streamFileInputSink = null;\n            InputStreamReader readerInputStreamSink = null;\n            BufferedReader readerBufferdSink = null;\n            if (file.exists() && file.isFile())\n            {\n                try\n                {\n                    streamFileInputSink = new FileInputStream(file);\n                    readerInputStreamSink = new InputStreamReader(streamFileInputSink, \"UTF-8\");\n                    readerBufferdSink = new BufferedReader(readerInputStreamSink);\n                    IO.writeLine(readerBufferdSink.readLine());\n                }\n                catch (IOException exceptIO)\n                {\n                    IO.logger.log(Level.WARNING, \"Error with stream reading\", exceptIO);\n                }\n                finally\n                {\n                    /* Close stream reading objects */\n                    try\n                    {\n                        if (readerBufferdSink != null)\n                        {\n                            readerBufferdSink.close();\n                        }\n                    }\n                    catch (IOException exceptIO)\n                    {\n                        IO.logger.log(Level.WARNING, \"Error closing BufferedReader\", exceptIO);\n                    }\n\n                    try\n                    {\n                        if (readerInputStreamSink != null)\n                        {\n                            readerInputStreamSink.close();\n                        }\n                    }\n                    catch (IOException exceptIO)\n                    {\n                        IO.logger.log(Level.WARNING, \"Error closing InputStreamReader\", exceptIO);\n                    }\n\n                    try\n                    {\n                        if (streamFileInputSink != null)\n                        {\n                            streamFileInputSink.close();\n                        }\n                    }\n                    catch (IOException exceptIO)\n                    {\n                        IO.logger.log(Level.WARNING, \"Error closing FileInputStream\", exceptIO);\n                    }\n                }\n            }\n        }\n\n    }",
        "label": 0,
        "graph": "/home/tu/exp/Datasets/ForEXP/outputgraph/134419_CWE23_Relative_Path_Traversal__getQueryString_Servlet_41/3-cpg.dot",
        "buggy_line": {},
        "cwe_id": [],
        "graph_community_sliced": "/home/tu/exp/Datasets/ForEXP/outputgraph_community/134419_CWE23_Relative_Path_Traversal__getQueryString_Servlet_41/134419_CWE23_Relative_Path_Traversal__getQueryString_Servlet_41_goodG2BSink_136_213.dot"
    },
    "134419_CWE23_Relative_Path_Traversal__getQueryString_Servlet_41_goodG2B_216_224": {
        "filename": "134419_CWE23_Relative_Path_Traversal__getQueryString_Servlet_41",
        "function_name": "goodG2B",
        "code": "private void goodG2B(HttpServletRequest request, HttpServletResponse response) throws Throwable\n    {\n        String data;\n\n        /* FIX: Use a hardcoded string */\n        data = \"foo\";\n\n        goodG2BSink(data , request, response );\n    }",
        "label": 0,
        "graph": "/home/tu/exp/Datasets/ForEXP/outputgraph/134419_CWE23_Relative_Path_Traversal__getQueryString_Servlet_41/4-cpg.dot",
        "buggy_line": {},
        "cwe_id": [],
        "graph_community_sliced": "/home/tu/exp/Datasets/ForEXP/outputgraph_community/134419_CWE23_Relative_Path_Traversal__getQueryString_Servlet_41/134419_CWE23_Relative_Path_Traversal__getQueryString_Servlet_41_goodG2B_216_224.dot"
    },
    "134419_CWE23_Relative_Path_Traversal__getQueryString_Servlet_41_main_231_235": {
        "filename": "134419_CWE23_Relative_Path_Traversal__getQueryString_Servlet_41",
        "function_name": "main",
        "code": "public static void main(String[] args) throws ClassNotFoundException,\n           InstantiationException, IllegalAccessException\n    {\n        mainFromParent(args);\n    }",
        "label": 0,
        "graph": "/home/tu/exp/Datasets/ForEXP/outputgraph/134419_CWE23_Relative_Path_Traversal__getQueryString_Servlet_41/5-cpg.dot",
        "buggy_line": {},
        "cwe_id": [],
        "graph_community_sliced": "/home/tu/exp/Datasets/ForEXP/outputgraph_community/134419_CWE23_Relative_Path_Traversal__getQueryString_Servlet_41/134419_CWE23_Relative_Path_Traversal__getQueryString_Servlet_41_main_231_235.dot"
    }
}