{
    "134434_CWE23_Relative_Path_Traversal__getQueryString_Servlet_75a_bad_33_96": {
        "filename": "134434_CWE23_Relative_Path_Traversal__getQueryString_Servlet_75a",
        "function_name": "bad",
        "code": "public void bad(HttpServletRequest request, HttpServletResponse response) throws Throwable\n    {\n        String data;\n\n        data = \"\"; /* initialize data in case id is not in query string */\n\n        /* POTENTIAL FLAW: Parse id param out of the URL querystring (without using getParameter()) */\n        {\n            StringTokenizer tokenizer = new StringTokenizer(request.getQueryString(), \"&\");\n            while (tokenizer.hasMoreTokens())\n            {\n                String token = tokenizer.nextToken(); /* a token will be like \"id=foo\" */\n                if(token.startsWith(\"id=\")) /* check if we have the \"id\" parameter\" */\n                {\n                    data = token.substring(3); /* set data to \"foo\" */\n                    break; /* exit while loop */\n                }\n            }\n        }\n\n        /* serialize data to a byte array */\n        ByteArrayOutputStream streamByteArrayOutput = null;\n        ObjectOutput outputObject = null;\n\n        try\n        {\n            streamByteArrayOutput = new ByteArrayOutputStream() ;\n            outputObject = new ObjectOutputStream(streamByteArrayOutput) ;\n            outputObject.writeObject(data);\n            byte[] dataSerialized = streamByteArrayOutput.toByteArray();\n            (new CWE23_Relative_Path_Traversal__getQueryString_Servlet_75b()).badSink(dataSerialized , request, response );\n        }\n        catch (IOException exceptIO)\n        {\n            IO.logger.log(Level.WARNING, \"IOException in serialization\", exceptIO);\n        }\n        finally\n        {\n            /* clean up stream writing objects */\n            try\n            {\n                if (outputObject != null)\n                {\n                    outputObject.close();\n                }\n            }\n            catch (IOException exceptIO)\n            {\n                IO.logger.log(Level.WARNING, \"Error closing ObjectOutputStream\", exceptIO);\n            }\n\n            try\n            {\n                if (streamByteArrayOutput != null)\n                {\n                    streamByteArrayOutput.close();\n                }\n            }\n            catch (IOException exceptIO)\n            {\n                IO.logger.log(Level.WARNING, \"Error closing ByteArrayOutputStream\", exceptIO);\n            }\n        }\n    }",
        "label": 1,
        "graph": "/home/tu/exp/Datasets/ForEXP/outputgraph/134434_CWE23_Relative_Path_Traversal__getQueryString_Servlet_75a/0-cpg.dot",
        "buggy_line": {
            "40": "{"
        },
        "cwe_id": "CWE-23",
        "graph_community_sliced": "/home/tu/exp/Datasets/ForEXP/outputgraph_community/134434_CWE23_Relative_Path_Traversal__getQueryString_Servlet_75a/134434_CWE23_Relative_Path_Traversal__getQueryString_Servlet_75a_bad_33_96.dot"
    },
    "134434_CWE23_Relative_Path_Traversal__getQueryString_Servlet_75a_good_98_101": {
        "filename": "134434_CWE23_Relative_Path_Traversal__getQueryString_Servlet_75a",
        "function_name": "good",
        "code": "public void good(HttpServletRequest request, HttpServletResponse response) throws Throwable\n    {\n        goodG2B(request, response);\n    }",
        "label": 0,
        "graph": "/home/tu/exp/Datasets/ForEXP/outputgraph/134434_CWE23_Relative_Path_Traversal__getQueryString_Servlet_75a/1-cpg.dot",
        "buggy_line": {},
        "cwe_id": [],
        "graph_community_sliced": "/home/tu/exp/Datasets/ForEXP/outputgraph_community/134434_CWE23_Relative_Path_Traversal__getQueryString_Servlet_75a/134434_CWE23_Relative_Path_Traversal__getQueryString_Servlet_75a_good_98_101.dot"
    },
    "134434_CWE23_Relative_Path_Traversal__getQueryString_Servlet_75a_goodG2B_104_154": {
        "filename": "134434_CWE23_Relative_Path_Traversal__getQueryString_Servlet_75a",
        "function_name": "goodG2B",
        "code": "private void goodG2B(HttpServletRequest request, HttpServletResponse response) throws Throwable\n    {\n        String data;\n\n        /* FIX: Use a hardcoded string */\n        data = \"foo\";\n\n        /* serialize data to a byte array */\n        ByteArrayOutputStream streamByteArrayOutput = null;\n        ObjectOutput outputObject = null;\n\n        try\n        {\n            streamByteArrayOutput = new ByteArrayOutputStream() ;\n            outputObject = new ObjectOutputStream(streamByteArrayOutput) ;\n            outputObject.writeObject(data);\n            byte[] dataSerialized = streamByteArrayOutput.toByteArray();\n            (new CWE23_Relative_Path_Traversal__getQueryString_Servlet_75b()).goodG2BSink(dataSerialized , request, response );\n        }\n        catch (IOException exceptIO)\n        {\n            IO.logger.log(Level.WARNING, \"IOException in serialization\", exceptIO);\n        }\n        finally\n        {\n            /* clean up stream writing objects */\n            try\n            {\n                if (outputObject != null)\n                {\n                    outputObject.close();\n                }\n            }\n            catch (IOException exceptIO)\n            {\n                IO.logger.log(Level.WARNING, \"Error closing ObjectOutputStream\", exceptIO);\n            }\n\n            try\n            {\n                if (streamByteArrayOutput != null)\n                {\n                    streamByteArrayOutput.close();\n                }\n            }\n            catch (IOException exceptIO)\n            {\n                IO.logger.log(Level.WARNING, \"Error closing ByteArrayOutputStream\", exceptIO);\n            }\n        }\n    }",
        "label": 0,
        "graph": "/home/tu/exp/Datasets/ForEXP/outputgraph/134434_CWE23_Relative_Path_Traversal__getQueryString_Servlet_75a/2-cpg.dot",
        "buggy_line": {},
        "cwe_id": [],
        "graph_community_sliced": "/home/tu/exp/Datasets/ForEXP/outputgraph_community/134434_CWE23_Relative_Path_Traversal__getQueryString_Servlet_75a/134434_CWE23_Relative_Path_Traversal__getQueryString_Servlet_75a_goodG2B_104_154.dot"
    },
    "134434_CWE23_Relative_Path_Traversal__getQueryString_Servlet_75a_main_161_165": {
        "filename": "134434_CWE23_Relative_Path_Traversal__getQueryString_Servlet_75a",
        "function_name": "main",
        "code": "public static void main(String[] args) throws ClassNotFoundException,\n           InstantiationException, IllegalAccessException\n    {\n        mainFromParent(args);\n    }",
        "label": 0,
        "graph": "/home/tu/exp/Datasets/ForEXP/outputgraph/134434_CWE23_Relative_Path_Traversal__getQueryString_Servlet_75a/3-cpg.dot",
        "buggy_line": {},
        "cwe_id": [],
        "graph_community_sliced": "/home/tu/exp/Datasets/ForEXP/outputgraph_community/134434_CWE23_Relative_Path_Traversal__getQueryString_Servlet_75a/134434_CWE23_Relative_Path_Traversal__getQueryString_Servlet_75a_main_161_165.dot"
    }
}