{
    "134413_CWE23_Relative_Path_Traversal__getQueryString_Servlet_15_bad_30_133": {
        "filename": "134413_CWE23_Relative_Path_Traversal__getQueryString_Servlet_15",
        "function_name": "bad",
        "code": "public void bad(HttpServletRequest request, HttpServletResponse response) throws Throwable\n    {\n        String data = null;\n\n        switch (6)\n        {\n        case 6:\n            data = \"\"; /* initialize data in case id is not in query string */\n            /* POTENTIAL FLAW: Parse id param out of the URL querystring (without using getParameter()) */\n            {\n                StringTokenizer tokenizer = new StringTokenizer(request.getQueryString(), \"&\");\n                while (tokenizer.hasMoreTokens())\n                {\n                    String token = tokenizer.nextToken(); /* a token will be like \"id=foo\" */\n                    if(token.startsWith(\"id=\")) /* check if we have the \"id\" parameter\" */\n                    {\n                        data = token.substring(3); /* set data to \"foo\" */\n                        break; /* exit while loop */\n                    }\n                }\n            }\n            break;\n        default:\n            /* INCIDENTAL: CWE 561 Dead Code, the code below will never run\n             * but ensure data is inititialized before the Sink to avoid compiler errors */\n            data = null;\n            break;\n        }\n\n        String root;\n        if(System.getProperty(\"os.name\").toLowerCase().indexOf(\"win\") >= 0)\n        {\n            /* running on Windows */\n            root = \"C:\\\\uploads\\\\\";\n        }\n        else\n        {\n            /* running on non-Windows */\n            root = \"/home/user/uploads/\";\n        }\n\n        if (data != null)\n        {\n            /* POTENTIAL FLAW: no validation of concatenated value */\n            File file = new File(root + data);\n            FileInputStream streamFileInputSink = null;\n            InputStreamReader readerInputStreamSink = null;\n            BufferedReader readerBufferdSink = null;\n            if (file.exists() && file.isFile())\n            {\n                try\n                {\n                    streamFileInputSink = new FileInputStream(file);\n                    readerInputStreamSink = new InputStreamReader(streamFileInputSink, \"UTF-8\");\n                    readerBufferdSink = new BufferedReader(readerInputStreamSink);\n                    IO.writeLine(readerBufferdSink.readLine());\n                }\n                catch (IOException exceptIO)\n                {\n                    IO.logger.log(Level.WARNING, \"Error with stream reading\", exceptIO);\n                }\n                finally\n                {\n                    /* Close stream reading objects */\n                    try\n                    {\n                        if (readerBufferdSink != null)\n                        {\n                            readerBufferdSink.close();\n                        }\n                    }\n                    catch (IOException exceptIO)\n                    {\n                        IO.logger.log(Level.WARNING, \"Error closing BufferedReader\", exceptIO);\n                    }\n\n                    try\n                    {\n                        if (readerInputStreamSink != null)\n                        {\n                            readerInputStreamSink.close();\n                        }\n                    }\n                    catch (IOException exceptIO)\n                    {\n                        IO.logger.log(Level.WARNING, \"Error closing InputStreamReader\", exceptIO);\n                    }\n\n                    try\n                    {\n                        if (streamFileInputSink != null)\n                        {\n                            streamFileInputSink.close();\n                        }\n                    }\n                    catch (IOException exceptIO)\n                    {\n                        IO.logger.log(Level.WARNING, \"Error closing FileInputStream\", exceptIO);\n                    }\n                }\n            }\n        }\n\n    }",
        "label": 1,
        "graph": "/home/tu/exp/Datasets/ForEXP/outputgraph/134413_CWE23_Relative_Path_Traversal__getQueryString_Servlet_15/0-cpg.dot",
        "buggy_line": {
            "39": "{",
            "74": "File file = new File(root + data);"
        },
        "cwe_id": "CWE-23",
        "graph_community_sliced": "/home/tu/exp/Datasets/ForEXP/outputgraph_community/134413_CWE23_Relative_Path_Traversal__getQueryString_Servlet_15/134413_CWE23_Relative_Path_Traversal__getQueryString_Servlet_15_bad_30_133.dot"
    },
    "134413_CWE23_Relative_Path_Traversal__getQueryString_Servlet_15_goodG2B1_136_227": {
        "filename": "134413_CWE23_Relative_Path_Traversal__getQueryString_Servlet_15",
        "function_name": "goodG2B1",
        "code": "private void goodG2B1(HttpServletRequest request, HttpServletResponse response) throws Throwable\n    {\n        String data = null;\n\n        switch (5)\n        {\n        case 6:\n            /* INCIDENTAL: CWE 561 Dead Code, the code below will never run\n             * but ensure data is inititialized before the Sink to avoid compiler errors */\n            data = null;\n            break;\n        default:\n            /* FIX: Use a hardcoded string */\n            data = \"foo\";\n            break;\n        }\n\n        String root;\n        if(System.getProperty(\"os.name\").toLowerCase().indexOf(\"win\") >= 0)\n        {\n            /* running on Windows */\n            root = \"C:\\\\uploads\\\\\";\n        }\n        else\n        {\n            /* running on non-Windows */\n            root = \"/home/user/uploads/\";\n        }\n\n        if (data != null)\n        {\n            /* POTENTIAL FLAW: no validation of concatenated value */\n            File file = new File(root + data);\n            FileInputStream streamFileInputSink = null;\n            InputStreamReader readerInputStreamSink = null;\n            BufferedReader readerBufferdSink = null;\n            if (file.exists() && file.isFile())\n            {\n                try\n                {\n                    streamFileInputSink = new FileInputStream(file);\n                    readerInputStreamSink = new InputStreamReader(streamFileInputSink, \"UTF-8\");\n                    readerBufferdSink = new BufferedReader(readerInputStreamSink);\n                    IO.writeLine(readerBufferdSink.readLine());\n                }\n                catch (IOException exceptIO)\n                {\n                    IO.logger.log(Level.WARNING, \"Error with stream reading\", exceptIO);\n                }\n                finally\n                {\n                    /* Close stream reading objects */\n                    try\n                    {\n                        if (readerBufferdSink != null)\n                        {\n                            readerBufferdSink.close();\n                        }\n                    }\n                    catch (IOException exceptIO)\n                    {\n                        IO.logger.log(Level.WARNING, \"Error closing BufferedReader\", exceptIO);\n                    }\n\n                    try\n                    {\n                        if (readerInputStreamSink != null)\n                        {\n                            readerInputStreamSink.close();\n                        }\n                    }\n                    catch (IOException exceptIO)\n                    {\n                        IO.logger.log(Level.WARNING, \"Error closing InputStreamReader\", exceptIO);\n                    }\n\n                    try\n                    {\n                        if (streamFileInputSink != null)\n                        {\n                            streamFileInputSink.close();\n                        }\n                    }\n                    catch (IOException exceptIO)\n                    {\n                        IO.logger.log(Level.WARNING, \"Error closing FileInputStream\", exceptIO);\n                    }\n                }\n            }\n        }\n\n    }",
        "label": 0,
        "graph": "/home/tu/exp/Datasets/ForEXP/outputgraph/134413_CWE23_Relative_Path_Traversal__getQueryString_Servlet_15/1-cpg.dot",
        "buggy_line": {},
        "cwe_id": [],
        "graph_community_sliced": "/home/tu/exp/Datasets/ForEXP/outputgraph_community/134413_CWE23_Relative_Path_Traversal__getQueryString_Servlet_15/134413_CWE23_Relative_Path_Traversal__getQueryString_Servlet_15_goodG2B1_136_227.dot"
    },
    "134413_CWE23_Relative_Path_Traversal__getQueryString_Servlet_15_goodG2B2_230_321": {
        "filename": "134413_CWE23_Relative_Path_Traversal__getQueryString_Servlet_15",
        "function_name": "goodG2B2",
        "code": "private void goodG2B2(HttpServletRequest request, HttpServletResponse response) throws Throwable\n    {\n        String data = null;\n\n        switch (6)\n        {\n        case 6:\n            /* FIX: Use a hardcoded string */\n            data = \"foo\";\n            break;\n        default:\n            /* INCIDENTAL: CWE 561 Dead Code, the code below will never run\n             * but ensure data is inititialized before the Sink to avoid compiler errors */\n            data = null;\n            break;\n        }\n\n        String root;\n        if(System.getProperty(\"os.name\").toLowerCase().indexOf(\"win\") >= 0)\n        {\n            /* running on Windows */\n            root = \"C:\\\\uploads\\\\\";\n        }\n        else\n        {\n            /* running on non-Windows */\n            root = \"/home/user/uploads/\";\n        }\n\n        if (data != null)\n        {\n            /* POTENTIAL FLAW: no validation of concatenated value */\n            File file = new File(root + data);\n            FileInputStream streamFileInputSink = null;\n            InputStreamReader readerInputStreamSink = null;\n            BufferedReader readerBufferdSink = null;\n            if (file.exists() && file.isFile())\n            {\n                try\n                {\n                    streamFileInputSink = new FileInputStream(file);\n                    readerInputStreamSink = new InputStreamReader(streamFileInputSink, \"UTF-8\");\n                    readerBufferdSink = new BufferedReader(readerInputStreamSink);\n                    IO.writeLine(readerBufferdSink.readLine());\n                }\n                catch (IOException exceptIO)\n                {\n                    IO.logger.log(Level.WARNING, \"Error with stream reading\", exceptIO);\n                }\n                finally\n                {\n                    /* Close stream reading objects */\n                    try\n                    {\n                        if (readerBufferdSink != null)\n                        {\n                            readerBufferdSink.close();\n                        }\n                    }\n                    catch (IOException exceptIO)\n                    {\n                        IO.logger.log(Level.WARNING, \"Error closing BufferedReader\", exceptIO);\n                    }\n\n                    try\n                    {\n                        if (readerInputStreamSink != null)\n                        {\n                            readerInputStreamSink.close();\n                        }\n                    }\n                    catch (IOException exceptIO)\n                    {\n                        IO.logger.log(Level.WARNING, \"Error closing InputStreamReader\", exceptIO);\n                    }\n\n                    try\n                    {\n                        if (streamFileInputSink != null)\n                        {\n                            streamFileInputSink.close();\n                        }\n                    }\n                    catch (IOException exceptIO)\n                    {\n                        IO.logger.log(Level.WARNING, \"Error closing FileInputStream\", exceptIO);\n                    }\n                }\n            }\n        }\n\n    }",
        "label": 0,
        "graph": "/home/tu/exp/Datasets/ForEXP/outputgraph/134413_CWE23_Relative_Path_Traversal__getQueryString_Servlet_15/2-cpg.dot",
        "buggy_line": {},
        "cwe_id": [],
        "graph_community_sliced": "/home/tu/exp/Datasets/ForEXP/outputgraph_community/134413_CWE23_Relative_Path_Traversal__getQueryString_Servlet_15/134413_CWE23_Relative_Path_Traversal__getQueryString_Servlet_15_goodG2B2_230_321.dot"
    },
    "134413_CWE23_Relative_Path_Traversal__getQueryString_Servlet_15_good_323_327": {
        "filename": "134413_CWE23_Relative_Path_Traversal__getQueryString_Servlet_15",
        "function_name": "good",
        "code": "public void good(HttpServletRequest request, HttpServletResponse response) throws Throwable\n    {\n        goodG2B1(request, response);\n        goodG2B2(request, response);\n    }",
        "label": 0,
        "graph": "/home/tu/exp/Datasets/ForEXP/outputgraph/134413_CWE23_Relative_Path_Traversal__getQueryString_Servlet_15/3-cpg.dot",
        "buggy_line": {},
        "cwe_id": [],
        "graph_community_sliced": "/home/tu/exp/Datasets/ForEXP/outputgraph_community/134413_CWE23_Relative_Path_Traversal__getQueryString_Servlet_15/134413_CWE23_Relative_Path_Traversal__getQueryString_Servlet_15_good_323_327.dot"
    },
    "134413_CWE23_Relative_Path_Traversal__getQueryString_Servlet_15_main_334_338": {
        "filename": "134413_CWE23_Relative_Path_Traversal__getQueryString_Servlet_15",
        "function_name": "main",
        "code": "public static void main(String[] args) throws ClassNotFoundException,\n           InstantiationException, IllegalAccessException\n    {\n        mainFromParent(args);\n    }",
        "label": 0,
        "graph": "/home/tu/exp/Datasets/ForEXP/outputgraph/134413_CWE23_Relative_Path_Traversal__getQueryString_Servlet_15/4-cpg.dot",
        "buggy_line": {},
        "cwe_id": [],
        "graph_community_sliced": "/home/tu/exp/Datasets/ForEXP/outputgraph_community/134413_CWE23_Relative_Path_Traversal__getQueryString_Servlet_15/134413_CWE23_Relative_Path_Traversal__getQueryString_Servlet_15_main_334_338.dot"
    }
}