{
    "141051_CWE601_Open_Redirect__Servlet_File_08_privateReturnsTrue_39_42": {
        "filename": "141051_CWE601_Open_Redirect__Servlet_File_08",
        "function_name": "privateReturnsTrue",
        "code": "private boolean privateReturnsTrue()\n    {\n        return true;\n    }",
        "label": 0,
        "graph": "/home/tu/exp/Datasets/ForEXP/outputgraph/141051_CWE601_Open_Redirect__Servlet_File_08/0-cpg.dot",
        "buggy_line": {},
        "cwe_id": [],
        "graph_community_sliced": "/home/tu/exp/Datasets/ForEXP/outputgraph_community/141051_CWE601_Open_Redirect__Servlet_File_08/141051_CWE601_Open_Redirect__Servlet_File_08_privateReturnsTrue_39_42.dot"
    },
    "141051_CWE601_Open_Redirect__Servlet_File_08_privateReturnsFalse_44_47": {
        "filename": "141051_CWE601_Open_Redirect__Servlet_File_08",
        "function_name": "privateReturnsFalse",
        "code": "private boolean privateReturnsFalse()\n    {\n        return false;\n    }",
        "label": 0,
        "graph": "/home/tu/exp/Datasets/ForEXP/outputgraph/141051_CWE601_Open_Redirect__Servlet_File_08/1-cpg.dot",
        "buggy_line": {},
        "cwe_id": [],
        "graph_community_sliced": "/home/tu/exp/Datasets/ForEXP/outputgraph_community/141051_CWE601_Open_Redirect__Servlet_File_08/141051_CWE601_Open_Redirect__Servlet_File_08_privateReturnsFalse_44_47.dot"
    },
    "141051_CWE601_Open_Redirect__Servlet_File_08_bad_50_144": {
        "filename": "141051_CWE601_Open_Redirect__Servlet_File_08",
        "function_name": "bad",
        "code": "public void bad(HttpServletRequest request, HttpServletResponse response) throws Throwable\n    {\n        String data;\n        if (privateReturnsTrue())\n        {\n            data = \"\"; /* Initialize data */\n            {\n                File file = new File(\"C:\\\\data.txt\");\n                FileInputStream streamFileInput = null;\n                InputStreamReader readerInputStream = null;\n                BufferedReader readerBuffered = null;\n                try\n                {\n                    /* read string from file into data */\n                    streamFileInput = new FileInputStream(file);\n                    readerInputStream = new InputStreamReader(streamFileInput, \"UTF-8\");\n                    readerBuffered = new BufferedReader(readerInputStream);\n                    /* POTENTIAL FLAW: Read data from a file */\n                    /* This will be reading the first \"line\" of the file, which\n                     * could be very long if there are little or no newlines in the file */\n                    data = readerBuffered.readLine();\n                }\n                catch (IOException exceptIO)\n                {\n                    IO.logger.log(Level.WARNING, \"Error with stream reading\", exceptIO);\n                }\n                finally\n                {\n                    /* Close stream reading objects */\n                    try\n                    {\n                        if (readerBuffered != null)\n                        {\n                            readerBuffered.close();\n                        }\n                    }\n                    catch (IOException exceptIO)\n                    {\n                        IO.logger.log(Level.WARNING, \"Error closing BufferedReader\", exceptIO);\n                    }\n\n                    try\n                    {\n                        if (readerInputStream != null)\n                        {\n                            readerInputStream.close();\n                        }\n                    }\n                    catch (IOException exceptIO)\n                    {\n                        IO.logger.log(Level.WARNING, \"Error closing InputStreamReader\", exceptIO);\n                    }\n\n                    try\n                    {\n                        if (streamFileInput != null)\n                        {\n                            streamFileInput.close();\n                        }\n                    }\n                    catch (IOException exceptIO)\n                    {\n                        IO.logger.log(Level.WARNING, \"Error closing FileInputStream\", exceptIO);\n                    }\n                }\n            }\n        }\n        else\n        {\n            /* INCIDENTAL: CWE 561 Dead Code, the code below will never run\n             * but ensure data is inititialized before the Sink to avoid compiler errors */\n            data = null;\n        }\n\n        if (data != null)\n        {\n            /* This prevents \\r\\n (and other chars) and should prevent incidentals such\n             * as HTTP Response Splitting and HTTP Header Injection.\n             */\n            URI uri;\n            try\n            {\n                uri = new URI(data);\n            }\n            catch (URISyntaxException exceptURISyntax)\n            {\n                response.getWriter().write(\"Invalid redirect URL\");\n                return;\n            }\n            /* POTENTIAL FLAW: redirect is sent verbatim; escape the string to prevent ancillary issues like XSS, Response splitting etc */\n            response.sendRedirect(data);\n            return;\n        }\n\n    }",
        "label": 1,
        "graph": "/home/tu/exp/Datasets/ForEXP/outputgraph/141051_CWE601_Open_Redirect__Servlet_File_08/2-cpg.dot",
        "buggy_line": {
            "140": "response.sendRedirect(data);",
            "70": "data = readerBuffered.readLine();"
        },
        "cwe_id": "CWE-601",
        "graph_community_sliced": "/home/tu/exp/Datasets/ForEXP/outputgraph_community/141051_CWE601_Open_Redirect__Servlet_File_08/141051_CWE601_Open_Redirect__Servlet_File_08_bad_50_144.dot"
    },
    "141051_CWE601_Open_Redirect__Servlet_File_08_goodG2B1_147_184": {
        "filename": "141051_CWE601_Open_Redirect__Servlet_File_08",
        "function_name": "goodG2B1",
        "code": "private void goodG2B1(HttpServletRequest request, HttpServletResponse response) throws Throwable\n    {\n        String data;\n        if (privateReturnsFalse())\n        {\n            /* INCIDENTAL: CWE 561 Dead Code, the code below will never run\n             * but ensure data is inititialized before the Sink to avoid compiler errors */\n            data = null;\n        }\n        else\n        {\n\n            /* FIX: Use a hardcoded string */\n            data = \"foo\";\n\n        }\n\n        if (data != null)\n        {\n            /* This prevents \\r\\n (and other chars) and should prevent incidentals such\n             * as HTTP Response Splitting and HTTP Header Injection.\n             */\n            URI uri;\n            try\n            {\n                uri = new URI(data);\n            }\n            catch (URISyntaxException exceptURISyntax)\n            {\n                response.getWriter().write(\"Invalid redirect URL\");\n                return;\n            }\n            /* POTENTIAL FLAW: redirect is sent verbatim; escape the string to prevent ancillary issues like XSS, Response splitting etc */\n            response.sendRedirect(data);\n            return;\n        }\n\n    }",
        "label": 0,
        "graph": "/home/tu/exp/Datasets/ForEXP/outputgraph/141051_CWE601_Open_Redirect__Servlet_File_08/3-cpg.dot",
        "buggy_line": {},
        "cwe_id": [],
        "graph_community_sliced": "/home/tu/exp/Datasets/ForEXP/outputgraph_community/141051_CWE601_Open_Redirect__Servlet_File_08/141051_CWE601_Open_Redirect__Servlet_File_08_goodG2B1_147_184.dot"
    },
    "141051_CWE601_Open_Redirect__Servlet_File_08_goodG2B2_187_222": {
        "filename": "141051_CWE601_Open_Redirect__Servlet_File_08",
        "function_name": "goodG2B2",
        "code": "private void goodG2B2(HttpServletRequest request, HttpServletResponse response) throws Throwable\n    {\n        String data;\n        if (privateReturnsTrue())\n        {\n            /* FIX: Use a hardcoded string */\n            data = \"foo\";\n        }\n        else\n        {\n            /* INCIDENTAL: CWE 561 Dead Code, the code below will never run\n             * but ensure data is inititialized before the Sink to avoid compiler errors */\n            data = null;\n        }\n\n        if (data != null)\n        {\n            /* This prevents \\r\\n (and other chars) and should prevent incidentals such\n             * as HTTP Response Splitting and HTTP Header Injection.\n             */\n            URI uri;\n            try\n            {\n                uri = new URI(data);\n            }\n            catch (URISyntaxException exceptURISyntax)\n            {\n                response.getWriter().write(\"Invalid redirect URL\");\n                return;\n            }\n            /* POTENTIAL FLAW: redirect is sent verbatim; escape the string to prevent ancillary issues like XSS, Response splitting etc */\n            response.sendRedirect(data);\n            return;\n        }\n\n    }",
        "label": 0,
        "graph": "/home/tu/exp/Datasets/ForEXP/outputgraph/141051_CWE601_Open_Redirect__Servlet_File_08/4-cpg.dot",
        "buggy_line": {},
        "cwe_id": [],
        "graph_community_sliced": "/home/tu/exp/Datasets/ForEXP/outputgraph_community/141051_CWE601_Open_Redirect__Servlet_File_08/141051_CWE601_Open_Redirect__Servlet_File_08_goodG2B2_187_222.dot"
    },
    "141051_CWE601_Open_Redirect__Servlet_File_08_good_224_228": {
        "filename": "141051_CWE601_Open_Redirect__Servlet_File_08",
        "function_name": "good",
        "code": "public void good(HttpServletRequest request, HttpServletResponse response) throws Throwable\n    {\n        goodG2B1(request, response);\n        goodG2B2(request, response);\n    }",
        "label": 0,
        "graph": "/home/tu/exp/Datasets/ForEXP/outputgraph/141051_CWE601_Open_Redirect__Servlet_File_08/5-cpg.dot",
        "buggy_line": {},
        "cwe_id": [],
        "graph_community_sliced": "/home/tu/exp/Datasets/ForEXP/outputgraph_community/141051_CWE601_Open_Redirect__Servlet_File_08/141051_CWE601_Open_Redirect__Servlet_File_08_good_224_228.dot"
    },
    "141051_CWE601_Open_Redirect__Servlet_File_08_main_235_239": {
        "filename": "141051_CWE601_Open_Redirect__Servlet_File_08",
        "function_name": "main",
        "code": "public static void main(String[] args) throws ClassNotFoundException,\n           InstantiationException, IllegalAccessException\n    {\n        mainFromParent(args);\n    }",
        "label": 0,
        "graph": "/home/tu/exp/Datasets/ForEXP/outputgraph/141051_CWE601_Open_Redirect__Servlet_File_08/6-cpg.dot",
        "buggy_line": {},
        "cwe_id": [],
        "graph_community_sliced": "/home/tu/exp/Datasets/ForEXP/outputgraph_community/141051_CWE601_Open_Redirect__Servlet_File_08/141051_CWE601_Open_Redirect__Servlet_File_08_main_235_239.dot"
    }
}