{
    "141060_CWE601_Open_Redirect__Servlet_File_17_bad_36_126": {
        "filename": "141060_CWE601_Open_Redirect__Servlet_File_17",
        "function_name": "bad",
        "code": "public void bad(HttpServletRequest request, HttpServletResponse response) throws Throwable\n    {\n        String data;\n\n        data = \"\"; /* Initialize data */\n        {\n            File file = new File(\"C:\\\\data.txt\");\n            FileInputStream streamFileInput = null;\n            InputStreamReader readerInputStream = null;\n            BufferedReader readerBuffered = null;\n\n            try\n            {\n                /* read string from file into data */\n                streamFileInput = new FileInputStream(file);\n                readerInputStream = new InputStreamReader(streamFileInput, \"UTF-8\");\n                readerBuffered = new BufferedReader(readerInputStream);\n\n                /* POTENTIAL FLAW: Read data from a file */\n                /* This will be reading the first \"line\" of the file, which\n                 * could be very long if there are little or no newlines in the file */\n                data = readerBuffered.readLine();\n            }\n            catch (IOException exceptIO)\n            {\n                IO.logger.log(Level.WARNING, \"Error with stream reading\", exceptIO);\n            }\n            finally\n            {\n                /* Close stream reading objects */\n                try\n                {\n                    if (readerBuffered != null)\n                    {\n                        readerBuffered.close();\n                    }\n                }\n                catch (IOException exceptIO)\n                {\n                    IO.logger.log(Level.WARNING, \"Error closing BufferedReader\", exceptIO);\n                }\n\n                try\n                {\n                    if (readerInputStream != null)\n                    {\n                        readerInputStream.close();\n                    }\n                }\n                catch (IOException exceptIO)\n                {\n                    IO.logger.log(Level.WARNING, \"Error closing InputStreamReader\", exceptIO);\n                }\n\n                try\n                {\n                    if (streamFileInput != null)\n                    {\n                        streamFileInput.close();\n                    }\n                }\n                catch (IOException exceptIO)\n                {\n                    IO.logger.log(Level.WARNING, \"Error closing FileInputStream\", exceptIO);\n                }\n            }\n        }\n\n        for (int i = 0; i < 1; i++)\n        {\n            if (data != null)\n            {\n                /* This prevents \\r\\n (and other chars) and should prevent incidentals such\n                 * as HTTP Response Splitting and HTTP Header Injection.\n                 */\n                URI uri;\n                try\n                {\n                    uri = new URI(data);\n                }\n                catch (URISyntaxException exceptURISyntax)\n                {\n                    response.getWriter().write(\"Invalid redirect URL\");\n                    return;\n                }\n                /* POTENTIAL FLAW: redirect is sent verbatim; escape the string to prevent ancillary issues like XSS, Response splitting etc */\n                response.sendRedirect(data);\n                return;\n            }\n        }\n    }",
        "label": 1,
        "graph": "/home/tu/exp/Datasets/ForEXP/outputgraph/141060_CWE601_Open_Redirect__Servlet_File_17/0-cpg.dot",
        "buggy_line": {
            "57": "data = readerBuffered.readLine();",
            "122": "response.sendRedirect(data);"
        },
        "cwe_id": "CWE-601",
        "graph_community_sliced": "/home/tu/exp/Datasets/ForEXP/outputgraph_community/141060_CWE601_Open_Redirect__Servlet_File_17/141060_CWE601_Open_Redirect__Servlet_File_17_bad_36_126.dot"
    },
    "141060_CWE601_Open_Redirect__Servlet_File_17_goodG2B_130_159": {
        "filename": "141060_CWE601_Open_Redirect__Servlet_File_17",
        "function_name": "goodG2B",
        "code": "private void goodG2B(HttpServletRequest request, HttpServletResponse response) throws Throwable\n    {\n        String data;\n\n        /* FIX: Use a hardcoded string */\n        data = \"foo\";\n\n        for (int i = 0; i < 1; i++)\n        {\n            if (data != null)\n            {\n                /* This prevents \\r\\n (and other chars) and should prevent incidentals such\n                 * as HTTP Response Splitting and HTTP Header Injection.\n                 */\n                URI uri;\n                try\n                {\n                    uri = new URI(data);\n                }\n                catch (URISyntaxException exceptURISyntax)\n                {\n                    response.getWriter().write(\"Invalid redirect URL\");\n                    return;\n                }\n                /* POTENTIAL FLAW: redirect is sent verbatim; escape the string to prevent ancillary issues like XSS, Response splitting etc */\n                response.sendRedirect(data);\n                return;\n            }\n        }\n    }",
        "label": 0,
        "graph": "/home/tu/exp/Datasets/ForEXP/outputgraph/141060_CWE601_Open_Redirect__Servlet_File_17/1-cpg.dot",
        "buggy_line": {},
        "cwe_id": [],
        "graph_community_sliced": "/home/tu/exp/Datasets/ForEXP/outputgraph_community/141060_CWE601_Open_Redirect__Servlet_File_17/141060_CWE601_Open_Redirect__Servlet_File_17_goodG2B_130_159.dot"
    },
    "141060_CWE601_Open_Redirect__Servlet_File_17_good_161_164": {
        "filename": "141060_CWE601_Open_Redirect__Servlet_File_17",
        "function_name": "good",
        "code": "public void good(HttpServletRequest request, HttpServletResponse response) throws Throwable\n    {\n        goodG2B(request, response);\n    }",
        "label": 0,
        "graph": "/home/tu/exp/Datasets/ForEXP/outputgraph/141060_CWE601_Open_Redirect__Servlet_File_17/2-cpg.dot",
        "buggy_line": {},
        "cwe_id": [],
        "graph_community_sliced": "/home/tu/exp/Datasets/ForEXP/outputgraph_community/141060_CWE601_Open_Redirect__Servlet_File_17/141060_CWE601_Open_Redirect__Servlet_File_17_good_161_164.dot"
    },
    "141060_CWE601_Open_Redirect__Servlet_File_17_main_171_175": {
        "filename": "141060_CWE601_Open_Redirect__Servlet_File_17",
        "function_name": "main",
        "code": "public static void main(String[] args) throws ClassNotFoundException,\n           InstantiationException, IllegalAccessException\n    {\n        mainFromParent(args);\n    }",
        "label": 0,
        "graph": "/home/tu/exp/Datasets/ForEXP/outputgraph/141060_CWE601_Open_Redirect__Servlet_File_17/3-cpg.dot",
        "buggy_line": {},
        "cwe_id": [],
        "graph_community_sliced": "/home/tu/exp/Datasets/ForEXP/outputgraph_community/141060_CWE601_Open_Redirect__Servlet_File_17/141060_CWE601_Open_Redirect__Servlet_File_17_main_171_175.dot"
    }
}