{
    "134091_CWE23_Relative_Path_Traversal__File_53a_bad_34_103": {
        "filename": "134091_CWE23_Relative_Path_Traversal__File_53a",
        "function_name": "bad",
        "code": "public void bad() throws Throwable\n    {\n        String data;\n\n        data = \"\"; /* Initialize data */\n        {\n            File file = new File(\"C:\\\\data.txt\");\n            FileInputStream streamFileInput = null;\n            InputStreamReader readerInputStream = null;\n            BufferedReader readerBuffered = null;\n\n            try\n            {\n                /* read string from file into data */\n                streamFileInput = new FileInputStream(file);\n                readerInputStream = new InputStreamReader(streamFileInput, \"UTF-8\");\n                readerBuffered = new BufferedReader(readerInputStream);\n\n                /* POTENTIAL FLAW: Read data from a file */\n                /* This will be reading the first \"line\" of the file, which\n                 * could be very long if there are little or no newlines in the file */\n                data = readerBuffered.readLine();\n            }\n            catch (IOException exceptIO)\n            {\n                IO.logger.log(Level.WARNING, \"Error with stream reading\", exceptIO);\n            }\n            finally\n            {\n                /* Close stream reading objects */\n                try\n                {\n                    if (readerBuffered != null)\n                    {\n                        readerBuffered.close();\n                    }\n                }\n                catch (IOException exceptIO)\n                {\n                    IO.logger.log(Level.WARNING, \"Error closing BufferedReader\", exceptIO);\n                }\n\n                try\n                {\n                    if (readerInputStream != null)\n                    {\n                        readerInputStream.close();\n                    }\n                }\n                catch (IOException exceptIO)\n                {\n                    IO.logger.log(Level.WARNING, \"Error closing InputStreamReader\", exceptIO);\n                }\n\n                try\n                {\n                    if (streamFileInput != null)\n                    {\n                        streamFileInput.close();\n                    }\n                }\n                catch (IOException exceptIO)\n                {\n                    IO.logger.log(Level.WARNING, \"Error closing FileInputStream\", exceptIO);\n                }\n            }\n        }\n\n        (new CWE23_Relative_Path_Traversal__File_53b()).badSink(data );\n    }",
        "label": 1,
        "graph": "",
        "buggy_line": {
            "55": "data = readerBuffered.readLine();"
        },
        "cwe_id": "CWE-23"
    },
    "134091_CWE23_Relative_Path_Traversal__File_53a_good_105_108": {
        "filename": "134091_CWE23_Relative_Path_Traversal__File_53a",
        "function_name": "good",
        "code": "public void good() throws Throwable\n    {\n        goodG2B();\n    }",
        "label": 0,
        "graph": "",
        "buggy_line": {},
        "cwe_id": []
    },
    "134091_CWE23_Relative_Path_Traversal__File_53a_goodG2B_111_119": {
        "filename": "134091_CWE23_Relative_Path_Traversal__File_53a",
        "function_name": "goodG2B",
        "code": "private void goodG2B() throws Throwable\n    {\n        String data;\n\n        /* FIX: Use a hardcoded string */\n        data = \"foo\";\n\n        (new CWE23_Relative_Path_Traversal__File_53b()).goodG2BSink(data );\n    }",
        "label": 0,
        "graph": "",
        "buggy_line": {},
        "cwe_id": []
    },
    "134091_CWE23_Relative_Path_Traversal__File_53a_main_126_130": {
        "filename": "134091_CWE23_Relative_Path_Traversal__File_53a",
        "function_name": "main",
        "code": "public static void main(String[] args) throws ClassNotFoundException,\n           InstantiationException, IllegalAccessException\n    {\n        mainFromParent(args);\n    }",
        "label": 0,
        "graph": "",
        "buggy_line": {},
        "cwe_id": []
    }
}