{
    "134045_CWE23_Relative_Path_Traversal__Environment_17_bad_28_111": {
        "filename": "134045_CWE23_Relative_Path_Traversal__Environment_17",
        "function_name": "bad",
        "code": "public void bad() throws Throwable\n    {\n        String data;\n\n        /* get environment variable ADD */\n        /* POTENTIAL FLAW: Read data from an environment variable */\n        data = System.getenv(\"ADD\");\n\n        for (int i = 0; i < 1; i++)\n        {\n            String root;\n            if(System.getProperty(\"os.name\").toLowerCase().indexOf(\"win\") >= 0)\n            {\n                /* running on Windows */\n                root = \"C:\\\\uploads\\\\\";\n            }\n            else\n            {\n                /* running on non-Windows */\n                root = \"/home/user/uploads/\";\n            }\n            if (data != null)\n            {\n                /* POTENTIAL FLAW: no validation of concatenated value */\n                File file = new File(root + data);\n                FileInputStream streamFileInputSink = null;\n                InputStreamReader readerInputStreamSink = null;\n                BufferedReader readerBufferdSink = null;\n                if (file.exists() && file.isFile())\n                {\n                    try\n                    {\n                        streamFileInputSink = new FileInputStream(file);\n                        readerInputStreamSink = new InputStreamReader(streamFileInputSink, \"UTF-8\");\n                        readerBufferdSink = new BufferedReader(readerInputStreamSink);\n                        IO.writeLine(readerBufferdSink.readLine());\n                    }\n                    catch (IOException exceptIO)\n                    {\n                        IO.logger.log(Level.WARNING, \"Error with stream reading\", exceptIO);\n                    }\n                    finally\n                    {\n                        /* Close stream reading objects */\n                        try\n                        {\n                            if (readerBufferdSink != null)\n                            {\n                                readerBufferdSink.close();\n                            }\n                        }\n                        catch (IOException exceptIO)\n                        {\n                            IO.logger.log(Level.WARNING, \"Error closing BufferedReader\", exceptIO);\n                        }\n\n                        try\n                        {\n                            if (readerInputStreamSink != null)\n                            {\n                                readerInputStreamSink.close();\n                            }\n                        }\n                        catch (IOException exceptIO)\n                        {\n                            IO.logger.log(Level.WARNING, \"Error closing InputStreamReader\", exceptIO);\n                        }\n\n                        try\n                        {\n                            if (streamFileInputSink != null)\n                            {\n                                streamFileInputSink.close();\n                            }\n                        }\n                        catch (IOException exceptIO)\n                        {\n                            IO.logger.log(Level.WARNING, \"Error closing FileInputStream\", exceptIO);\n                        }\n                    }\n                }\n            }\n        }\n    }",
        "label": 1,
        "graph": "",
        "buggy_line": {
            "34": "data = System.getenv(\"ADD\");",
            "52": "File file = new File(root + data);"
        },
        "cwe_id": "CWE-23"
    },
    "134045_CWE23_Relative_Path_Traversal__Environment_17_goodG2B_115_197": {
        "filename": "134045_CWE23_Relative_Path_Traversal__Environment_17",
        "function_name": "goodG2B",
        "code": "private void goodG2B() throws Throwable\n    {\n        String data;\n\n        /* FIX: Use a hardcoded string */\n        data = \"foo\";\n\n        for (int i = 0; i < 1; i++)\n        {\n            String root;\n            if(System.getProperty(\"os.name\").toLowerCase().indexOf(\"win\") >= 0)\n            {\n                /* running on Windows */\n                root = \"C:\\\\uploads\\\\\";\n            }\n            else\n            {\n                /* running on non-Windows */\n                root = \"/home/user/uploads/\";\n            }\n            if (data != null)\n            {\n                /* POTENTIAL FLAW: no validation of concatenated value */\n                File file = new File(root + data);\n                FileInputStream streamFileInputSink = null;\n                InputStreamReader readerInputStreamSink = null;\n                BufferedReader readerBufferdSink = null;\n                if (file.exists() && file.isFile())\n                {\n                    try\n                    {\n                        streamFileInputSink = new FileInputStream(file);\n                        readerInputStreamSink = new InputStreamReader(streamFileInputSink, \"UTF-8\");\n                        readerBufferdSink = new BufferedReader(readerInputStreamSink);\n                        IO.writeLine(readerBufferdSink.readLine());\n                    }\n                    catch (IOException exceptIO)\n                    {\n                        IO.logger.log(Level.WARNING, \"Error with stream reading\", exceptIO);\n                    }\n                    finally\n                    {\n                        /* Close stream reading objects */\n                        try\n                        {\n                            if (readerBufferdSink != null)\n                            {\n                                readerBufferdSink.close();\n                            }\n                        }\n                        catch (IOException exceptIO)\n                        {\n                            IO.logger.log(Level.WARNING, \"Error closing BufferedReader\", exceptIO);\n                        }\n\n                        try\n                        {\n                            if (readerInputStreamSink != null)\n                            {\n                                readerInputStreamSink.close();\n                            }\n                        }\n                        catch (IOException exceptIO)\n                        {\n                            IO.logger.log(Level.WARNING, \"Error closing InputStreamReader\", exceptIO);\n                        }\n\n                        try\n                        {\n                            if (streamFileInputSink != null)\n                            {\n                                streamFileInputSink.close();\n                            }\n                        }\n                        catch (IOException exceptIO)\n                        {\n                            IO.logger.log(Level.WARNING, \"Error closing FileInputStream\", exceptIO);\n                        }\n                    }\n                }\n            }\n        }\n    }",
        "label": 0,
        "graph": "",
        "buggy_line": {},
        "cwe_id": []
    },
    "134045_CWE23_Relative_Path_Traversal__Environment_17_good_199_202": {
        "filename": "134045_CWE23_Relative_Path_Traversal__Environment_17",
        "function_name": "good",
        "code": "public void good() throws Throwable\n    {\n        goodG2B();\n    }",
        "label": 0,
        "graph": "",
        "buggy_line": {},
        "cwe_id": []
    },
    "134045_CWE23_Relative_Path_Traversal__Environment_17_main_209_213": {
        "filename": "134045_CWE23_Relative_Path_Traversal__Environment_17",
        "function_name": "main",
        "code": "public static void main(String[] args) throws ClassNotFoundException,\n           InstantiationException, IllegalAccessException\n    {\n        mainFromParent(args);\n    }",
        "label": 0,
        "graph": "",
        "buggy_line": {},
        "cwe_id": []
    }
}