{
    "134052_CWE23_Relative_Path_Traversal__Environment_51a_bad_25_34": {
        "filename": "134052_CWE23_Relative_Path_Traversal__Environment_51a",
        "function_name": "bad",
        "code": "public void bad() throws Throwable\n    {\n        String data;\n\n        /* get environment variable ADD */\n        /* POTENTIAL FLAW: Read data from an environment variable */\n        data = System.getenv(\"ADD\");\n\n        (new CWE23_Relative_Path_Traversal__Environment_51b()).badSink(data  );\n    }",
        "label": 1,
        "graph": "",
        "buggy_line": {
            "31": "data = System.getenv(\"ADD\");"
        },
        "cwe_id": "CWE-23"
    },
    "134052_CWE23_Relative_Path_Traversal__Environment_51a_good_36_39": {
        "filename": "134052_CWE23_Relative_Path_Traversal__Environment_51a",
        "function_name": "good",
        "code": "public void good() throws Throwable\n    {\n        goodG2B();\n    }",
        "label": 0,
        "graph": "",
        "buggy_line": {},
        "cwe_id": []
    },
    "134052_CWE23_Relative_Path_Traversal__Environment_51a_goodG2B_42_50": {
        "filename": "134052_CWE23_Relative_Path_Traversal__Environment_51a",
        "function_name": "goodG2B",
        "code": "private void goodG2B() throws Throwable\n    {\n        String data;\n\n        /* FIX: Use a hardcoded string */\n        data = \"foo\";\n\n        (new CWE23_Relative_Path_Traversal__Environment_51b()).goodG2BSink(data  );\n    }",
        "label": 0,
        "graph": "",
        "buggy_line": {},
        "cwe_id": []
    },
    "134052_CWE23_Relative_Path_Traversal__Environment_51a_main_57_61": {
        "filename": "134052_CWE23_Relative_Path_Traversal__Environment_51a",
        "function_name": "main",
        "code": "public static void main(String[] args) throws ClassNotFoundException,\n           InstantiationException, IllegalAccessException\n    {\n        mainFromParent(args);\n    }",
        "label": 0,
        "graph": "",
        "buggy_line": {},
        "cwe_id": []
    }
}