{
    "134044_CWE23_Relative_Path_Traversal__Environment_16_bad_28_114": {
        "filename": "134044_CWE23_Relative_Path_Traversal__Environment_16",
        "function_name": "bad",
        "code": "public void bad() throws Throwable\n    {\n        String data;\n\n        while (true)\n        {\n            /* get environment variable ADD */\n            /* POTENTIAL FLAW: Read data from an environment variable */\n            data = System.getenv(\"ADD\");\n            break;\n        }\n\n        String root;\n        if(System.getProperty(\"os.name\").toLowerCase().indexOf(\"win\") >= 0)\n        {\n            /* running on Windows */\n            root = \"C:\\\\uploads\\\\\";\n        }\n        else\n        {\n            /* running on non-Windows */\n            root = \"/home/user/uploads/\";\n        }\n\n        if (data != null)\n        {\n            /* POTENTIAL FLAW: no validation of concatenated value */\n            File file = new File(root + data);\n            FileInputStream streamFileInputSink = null;\n            InputStreamReader readerInputStreamSink = null;\n            BufferedReader readerBufferdSink = null;\n            if (file.exists() && file.isFile())\n            {\n                try\n                {\n                    streamFileInputSink = new FileInputStream(file);\n                    readerInputStreamSink = new InputStreamReader(streamFileInputSink, \"UTF-8\");\n                    readerBufferdSink = new BufferedReader(readerInputStreamSink);\n                    IO.writeLine(readerBufferdSink.readLine());\n                }\n                catch (IOException exceptIO)\n                {\n                    IO.logger.log(Level.WARNING, \"Error with stream reading\", exceptIO);\n                }\n                finally\n                {\n                    /* Close stream reading objects */\n                    try\n                    {\n                        if (readerBufferdSink != null)\n                        {\n                            readerBufferdSink.close();\n                        }\n                    }\n                    catch (IOException exceptIO)\n                    {\n                        IO.logger.log(Level.WARNING, \"Error closing BufferedReader\", exceptIO);\n                    }\n\n                    try\n                    {\n                        if (readerInputStreamSink != null)\n                        {\n                            readerInputStreamSink.close();\n                        }\n                    }\n                    catch (IOException exceptIO)\n                    {\n                        IO.logger.log(Level.WARNING, \"Error closing InputStreamReader\", exceptIO);\n                    }\n\n                    try\n                    {\n                        if (streamFileInputSink != null)\n                        {\n                            streamFileInputSink.close();\n                        }\n                    }\n                    catch (IOException exceptIO)\n                    {\n                        IO.logger.log(Level.WARNING, \"Error closing FileInputStream\", exceptIO);\n                    }\n                }\n            }\n        }\n\n    }",
        "label": 1,
        "graph": "",
        "buggy_line": {
            "36": "data = System.getenv(\"ADD\");",
            "55": "File file = new File(root + data);"
        },
        "cwe_id": "CWE-23"
    },
    "134044_CWE23_Relative_Path_Traversal__Environment_16_goodG2B_117_202": {
        "filename": "134044_CWE23_Relative_Path_Traversal__Environment_16",
        "function_name": "goodG2B",
        "code": "private void goodG2B() throws Throwable\n    {\n        String data;\n\n        while (true)\n        {\n            /* FIX: Use a hardcoded string */\n            data = \"foo\";\n            break;\n        }\n\n        String root;\n        if(System.getProperty(\"os.name\").toLowerCase().indexOf(\"win\") >= 0)\n        {\n            /* running on Windows */\n            root = \"C:\\\\uploads\\\\\";\n        }\n        else\n        {\n            /* running on non-Windows */\n            root = \"/home/user/uploads/\";\n        }\n\n        if (data != null)\n        {\n            /* POTENTIAL FLAW: no validation of concatenated value */\n            File file = new File(root + data);\n            FileInputStream streamFileInputSink = null;\n            InputStreamReader readerInputStreamSink = null;\n            BufferedReader readerBufferdSink = null;\n            if (file.exists() && file.isFile())\n            {\n                try\n                {\n                    streamFileInputSink = new FileInputStream(file);\n                    readerInputStreamSink = new InputStreamReader(streamFileInputSink, \"UTF-8\");\n                    readerBufferdSink = new BufferedReader(readerInputStreamSink);\n                    IO.writeLine(readerBufferdSink.readLine());\n                }\n                catch (IOException exceptIO)\n                {\n                    IO.logger.log(Level.WARNING, \"Error with stream reading\", exceptIO);\n                }\n                finally\n                {\n                    /* Close stream reading objects */\n                    try\n                    {\n                        if (readerBufferdSink != null)\n                        {\n                            readerBufferdSink.close();\n                        }\n                    }\n                    catch (IOException exceptIO)\n                    {\n                        IO.logger.log(Level.WARNING, \"Error closing BufferedReader\", exceptIO);\n                    }\n\n                    try\n                    {\n                        if (readerInputStreamSink != null)\n                        {\n                            readerInputStreamSink.close();\n                        }\n                    }\n                    catch (IOException exceptIO)\n                    {\n                        IO.logger.log(Level.WARNING, \"Error closing InputStreamReader\", exceptIO);\n                    }\n\n                    try\n                    {\n                        if (streamFileInputSink != null)\n                        {\n                            streamFileInputSink.close();\n                        }\n                    }\n                    catch (IOException exceptIO)\n                    {\n                        IO.logger.log(Level.WARNING, \"Error closing FileInputStream\", exceptIO);\n                    }\n                }\n            }\n        }\n\n    }",
        "label": 0,
        "graph": "",
        "buggy_line": {},
        "cwe_id": []
    },
    "134044_CWE23_Relative_Path_Traversal__Environment_16_good_204_207": {
        "filename": "134044_CWE23_Relative_Path_Traversal__Environment_16",
        "function_name": "good",
        "code": "public void good() throws Throwable\n    {\n        goodG2B();\n    }",
        "label": 0,
        "graph": "",
        "buggy_line": {},
        "cwe_id": []
    },
    "134044_CWE23_Relative_Path_Traversal__Environment_16_main_214_218": {
        "filename": "134044_CWE23_Relative_Path_Traversal__Environment_16",
        "function_name": "main",
        "code": "public static void main(String[] args) throws ClassNotFoundException,\n           InstantiationException, IllegalAccessException\n    {\n        mainFromParent(args);\n    }",
        "label": 0,
        "graph": "",
        "buggy_line": {},
        "cwe_id": []
    }
}