{
    "134123_CWE23_Relative_Path_Traversal__PropertiesFile_41_badSink_33_110": {
        "filename": "134123_CWE23_Relative_Path_Traversal__PropertiesFile_41",
        "function_name": "badSink",
        "code": "private void badSink(String data ) throws Throwable\n    {\n\n        String root;\n        if(System.getProperty(\"os.name\").toLowerCase().indexOf(\"win\") >= 0)\n        {\n            /* running on Windows */\n            root = \"C:\\\\uploads\\\\\";\n        }\n        else\n        {\n            /* running on non-Windows */\n            root = \"/home/user/uploads/\";\n        }\n\n        if (data != null)\n        {\n            /* POTENTIAL FLAW: no validation of concatenated value */\n            File file = new File(root + data);\n            FileInputStream streamFileInputSink = null;\n            InputStreamReader readerInputStreamSink = null;\n            BufferedReader readerBufferdSink = null;\n            if (file.exists() && file.isFile())\n            {\n                try\n                {\n                    streamFileInputSink = new FileInputStream(file);\n                    readerInputStreamSink = new InputStreamReader(streamFileInputSink, \"UTF-8\");\n                    readerBufferdSink = new BufferedReader(readerInputStreamSink);\n                    IO.writeLine(readerBufferdSink.readLine());\n                }\n                catch (IOException exceptIO)\n                {\n                    IO.logger.log(Level.WARNING, \"Error with stream reading\", exceptIO);\n                }\n                finally\n                {\n                    /* Close stream reading objects */\n                    try\n                    {\n                        if (readerBufferdSink != null)\n                        {\n                            readerBufferdSink.close();\n                        }\n                    }\n                    catch (IOException exceptIO)\n                    {\n                        IO.logger.log(Level.WARNING, \"Error closing BufferedReader\", exceptIO);\n                    }\n\n                    try\n                    {\n                        if (readerInputStreamSink != null)\n                        {\n                            readerInputStreamSink.close();\n                        }\n                    }\n                    catch (IOException exceptIO)\n                    {\n                        IO.logger.log(Level.WARNING, \"Error closing InputStreamReader\", exceptIO);\n                    }\n\n                    try\n                    {\n                        if (streamFileInputSink != null)\n                        {\n                            streamFileInputSink.close();\n                        }\n                    }\n                    catch (IOException exceptIO)\n                    {\n                        IO.logger.log(Level.WARNING, \"Error closing FileInputStream\", exceptIO);\n                    }\n                }\n            }\n        }\n\n    }",
        "label": 0,
        "graph": "",
        "buggy_line": {},
        "cwe_id": []
    },
    "134123_CWE23_Relative_Path_Traversal__PropertiesFile_41_bad_112_153": {
        "filename": "134123_CWE23_Relative_Path_Traversal__PropertiesFile_41",
        "function_name": "bad",
        "code": "public void bad() throws Throwable\n    {\n        String data;\n\n        data = \"\"; /* Initialize data */\n\n        /* retrieve the property */\n        {\n            Properties properties = new Properties();\n            FileInputStream streamFileInput = null;\n\n            try\n            {\n                streamFileInput = new FileInputStream(\"../common/config.properties\");\n                properties.load(streamFileInput);\n\n                /* POTENTIAL FLAW: Read data from a .properties file */\n                data = properties.getProperty(\"data\");\n            }\n            catch (IOException exceptIO)\n            {\n                IO.logger.log(Level.WARNING, \"Error with stream reading\", exceptIO);\n            }\n            finally\n            {\n                /* Close stream reading object */\n                try\n                {\n                    if (streamFileInput != null)\n                    {\n                        streamFileInput.close();\n                    }\n                }\n                catch (IOException exceptIO)\n                {\n                    IO.logger.log(Level.WARNING, \"Error closing FileInputStream\", exceptIO);\n                }\n            }\n        }\n\n        badSink(data  );\n    }",
        "label": 1,
        "graph": "",
        "buggy_line": {
            "129": "data = properties.getProperty(\"data\");"
        },
        "cwe_id": "CWE-23"
    },
    "134123_CWE23_Relative_Path_Traversal__PropertiesFile_41_good_155_158": {
        "filename": "134123_CWE23_Relative_Path_Traversal__PropertiesFile_41",
        "function_name": "good",
        "code": "public void good() throws Throwable\n    {\n        goodG2B();\n    }",
        "label": 0,
        "graph": "",
        "buggy_line": {},
        "cwe_id": []
    },
    "134123_CWE23_Relative_Path_Traversal__PropertiesFile_41_goodG2BSink_160_237": {
        "filename": "134123_CWE23_Relative_Path_Traversal__PropertiesFile_41",
        "function_name": "goodG2BSink",
        "code": "private void goodG2BSink(String data ) throws Throwable\n    {\n\n        String root;\n        if(System.getProperty(\"os.name\").toLowerCase().indexOf(\"win\") >= 0)\n        {\n            /* running on Windows */\n            root = \"C:\\\\uploads\\\\\";\n        }\n        else\n        {\n            /* running on non-Windows */\n            root = \"/home/user/uploads/\";\n        }\n\n        if (data != null)\n        {\n            /* POTENTIAL FLAW: no validation of concatenated value */\n            File file = new File(root + data);\n            FileInputStream streamFileInputSink = null;\n            InputStreamReader readerInputStreamSink = null;\n            BufferedReader readerBufferdSink = null;\n            if (file.exists() && file.isFile())\n            {\n                try\n                {\n                    streamFileInputSink = new FileInputStream(file);\n                    readerInputStreamSink = new InputStreamReader(streamFileInputSink, \"UTF-8\");\n                    readerBufferdSink = new BufferedReader(readerInputStreamSink);\n                    IO.writeLine(readerBufferdSink.readLine());\n                }\n                catch (IOException exceptIO)\n                {\n                    IO.logger.log(Level.WARNING, \"Error with stream reading\", exceptIO);\n                }\n                finally\n                {\n                    /* Close stream reading objects */\n                    try\n                    {\n                        if (readerBufferdSink != null)\n                        {\n                            readerBufferdSink.close();\n                        }\n                    }\n                    catch (IOException exceptIO)\n                    {\n                        IO.logger.log(Level.WARNING, \"Error closing BufferedReader\", exceptIO);\n                    }\n\n                    try\n                    {\n                        if (readerInputStreamSink != null)\n                        {\n                            readerInputStreamSink.close();\n                        }\n                    }\n                    catch (IOException exceptIO)\n                    {\n                        IO.logger.log(Level.WARNING, \"Error closing InputStreamReader\", exceptIO);\n                    }\n\n                    try\n                    {\n                        if (streamFileInputSink != null)\n                        {\n                            streamFileInputSink.close();\n                        }\n                    }\n                    catch (IOException exceptIO)\n                    {\n                        IO.logger.log(Level.WARNING, \"Error closing FileInputStream\", exceptIO);\n                    }\n                }\n            }\n        }\n\n    }",
        "label": 0,
        "graph": "",
        "buggy_line": {},
        "cwe_id": []
    },
    "134123_CWE23_Relative_Path_Traversal__PropertiesFile_41_goodG2B_240_248": {
        "filename": "134123_CWE23_Relative_Path_Traversal__PropertiesFile_41",
        "function_name": "goodG2B",
        "code": "private void goodG2B() throws Throwable\n    {\n        String data;\n\n        /* FIX: Use a hardcoded string */\n        data = \"foo\";\n\n        goodG2BSink(data  );\n    }",
        "label": 0,
        "graph": "",
        "buggy_line": {},
        "cwe_id": []
    },
    "134123_CWE23_Relative_Path_Traversal__PropertiesFile_41_main_255_259": {
        "filename": "134123_CWE23_Relative_Path_Traversal__PropertiesFile_41",
        "function_name": "main",
        "code": "public static void main(String[] args) throws ClassNotFoundException,\n           InstantiationException, IllegalAccessException\n    {\n        mainFromParent(args);\n    }",
        "label": 0,
        "graph": "",
        "buggy_line": {},
        "cwe_id": []
    }
}