{
    "134171_CWE23_Relative_Path_Traversal__Property_71a_bad_26_35": {
        "filename": "134171_CWE23_Relative_Path_Traversal__Property_71a",
        "function_name": "bad",
        "code": "public void bad() throws Throwable\n    {\n        String data;\n\n        /* get system property user.home */\n        /* POTENTIAL FLAW: Read data from a system property */\n        data = System.getProperty(\"user.home\");\n\n        (new CWE23_Relative_Path_Traversal__Property_71b()).badSink((Object)data  );\n    }",
        "label": 1,
        "graph": "",
        "buggy_line": {
            "32": "data = System.getProperty(\"user.home\");"
        },
        "cwe_id": "CWE-23"
    },
    "134171_CWE23_Relative_Path_Traversal__Property_71a_good_37_40": {
        "filename": "134171_CWE23_Relative_Path_Traversal__Property_71a",
        "function_name": "good",
        "code": "public void good() throws Throwable\n    {\n        goodG2B();\n    }",
        "label": 0,
        "graph": "",
        "buggy_line": {},
        "cwe_id": []
    },
    "134171_CWE23_Relative_Path_Traversal__Property_71a_goodG2B_43_51": {
        "filename": "134171_CWE23_Relative_Path_Traversal__Property_71a",
        "function_name": "goodG2B",
        "code": "private void goodG2B() throws Throwable\n    {\n        String data;\n\n        /* FIX: Use a hardcoded string */\n        data = \"foo\";\n\n        (new CWE23_Relative_Path_Traversal__Property_71b()).goodG2BSink((Object)data  );\n    }",
        "label": 0,
        "graph": "",
        "buggy_line": {},
        "cwe_id": []
    },
    "134171_CWE23_Relative_Path_Traversal__Property_71a_main_58_62": {
        "filename": "134171_CWE23_Relative_Path_Traversal__Property_71a",
        "function_name": "main",
        "code": "public static void main(String[] args)\n    throws ClassNotFoundException, InstantiationException, IllegalAccessException\n    {\n        mainFromParent(args);\n    }",
        "label": 0,
        "graph": "",
        "buggy_line": {},
        "cwe_id": []
    }
}