{
    "134127_CWE23_Relative_Path_Traversal__PropertiesFile_52a_bad_33_74": {
        "filename": "134127_CWE23_Relative_Path_Traversal__PropertiesFile_52a",
        "function_name": "bad",
        "code": "public void bad() throws Throwable\n    {\n        String data;\n\n        data = \"\"; /* Initialize data */\n\n        /* retrieve the property */\n        {\n            Properties properties = new Properties();\n            FileInputStream streamFileInput = null;\n\n            try\n            {\n                streamFileInput = new FileInputStream(\"../common/config.properties\");\n                properties.load(streamFileInput);\n\n                /* POTENTIAL FLAW: Read data from a .properties file */\n                data = properties.getProperty(\"data\");\n            }\n            catch (IOException exceptIO)\n            {\n                IO.logger.log(Level.WARNING, \"Error with stream reading\", exceptIO);\n            }\n            finally\n            {\n                /* Close stream reading object */\n                try\n                {\n                    if (streamFileInput != null)\n                    {\n                        streamFileInput.close();\n                    }\n                }\n                catch (IOException exceptIO)\n                {\n                    IO.logger.log(Level.WARNING, \"Error closing FileInputStream\", exceptIO);\n                }\n            }\n        }\n\n        (new CWE23_Relative_Path_Traversal__PropertiesFile_52b()).badSink(data );\n    }",
        "label": 1,
        "graph": "",
        "buggy_line": {
            "50": "data = properties.getProperty(\"data\");"
        },
        "cwe_id": "CWE-23"
    },
    "134127_CWE23_Relative_Path_Traversal__PropertiesFile_52a_good_76_79": {
        "filename": "134127_CWE23_Relative_Path_Traversal__PropertiesFile_52a",
        "function_name": "good",
        "code": "public void good() throws Throwable\n    {\n        goodG2B();\n    }",
        "label": 0,
        "graph": "",
        "buggy_line": {},
        "cwe_id": []
    },
    "134127_CWE23_Relative_Path_Traversal__PropertiesFile_52a_goodG2B_82_90": {
        "filename": "134127_CWE23_Relative_Path_Traversal__PropertiesFile_52a",
        "function_name": "goodG2B",
        "code": "private void goodG2B() throws Throwable\n    {\n        String data;\n\n        /* FIX: Use a hardcoded string */\n        data = \"foo\";\n\n        (new CWE23_Relative_Path_Traversal__PropertiesFile_52b()).goodG2BSink(data );\n    }",
        "label": 0,
        "graph": "",
        "buggy_line": {},
        "cwe_id": []
    },
    "134127_CWE23_Relative_Path_Traversal__PropertiesFile_52a_main_97_101": {
        "filename": "134127_CWE23_Relative_Path_Traversal__PropertiesFile_52a",
        "function_name": "main",
        "code": "public static void main(String[] args) throws ClassNotFoundException,\n           InstantiationException, IllegalAccessException\n    {\n        mainFromParent(args);\n    }",
        "label": 0,
        "graph": "",
        "buggy_line": {},
        "cwe_id": []
    }
}