{
    "134174_CWE23_Relative_Path_Traversal__Property_74a_bad_27_40": {
        "filename": "134174_CWE23_Relative_Path_Traversal__Property_74a",
        "function_name": "bad",
        "code": "public void bad() throws Throwable\n    {\n        String data;\n\n        /* get system property user.home */\n        /* POTENTIAL FLAW: Read data from a system property */\n        data = System.getProperty(\"user.home\");\n\n        HashMap<Integer,String> dataHashMap = new HashMap<Integer,String>();\n        dataHashMap.put(0, data);\n        dataHashMap.put(1, data);\n        dataHashMap.put(2, data);\n        (new CWE23_Relative_Path_Traversal__Property_74b()).badSink(dataHashMap  );\n    }",
        "label": 1,
        "graph": "",
        "buggy_line": {
            "33": "data = System.getProperty(\"user.home\");"
        },
        "cwe_id": "CWE-23"
    },
    "134174_CWE23_Relative_Path_Traversal__Property_74a_good_42_45": {
        "filename": "134174_CWE23_Relative_Path_Traversal__Property_74a",
        "function_name": "good",
        "code": "public void good() throws Throwable\n    {\n        goodG2B();\n    }",
        "label": 0,
        "graph": "",
        "buggy_line": {},
        "cwe_id": []
    },
    "134174_CWE23_Relative_Path_Traversal__Property_74a_goodG2B_48_60": {
        "filename": "134174_CWE23_Relative_Path_Traversal__Property_74a",
        "function_name": "goodG2B",
        "code": "private void goodG2B() throws Throwable\n    {\n        String data;\n\n        /* FIX: Use a hardcoded string */\n        data = \"foo\";\n\n        HashMap<Integer,String> dataHashMap = new HashMap<Integer,String>();\n        dataHashMap.put(0, data);\n        dataHashMap.put(1, data);\n        dataHashMap.put(2, data);\n        (new CWE23_Relative_Path_Traversal__Property_74b()).goodG2BSink(dataHashMap  );\n    }",
        "label": 0,
        "graph": "",
        "buggy_line": {},
        "cwe_id": []
    },
    "134174_CWE23_Relative_Path_Traversal__Property_74a_main_67_71": {
        "filename": "134174_CWE23_Relative_Path_Traversal__Property_74a",
        "function_name": "main",
        "code": "public static void main(String[] args) throws ClassNotFoundException,\n           InstantiationException, IllegalAccessException\n    {\n        mainFromParent(args);\n    }",
        "label": 0,
        "graph": "",
        "buggy_line": {},
        "cwe_id": []
    }
}