{
    "134168_CWE23_Relative_Path_Traversal__Property_66a_bad_26_37": {
        "filename": "134168_CWE23_Relative_Path_Traversal__Property_66a",
        "function_name": "bad",
        "code": "public void bad() throws Throwable\n    {\n        String data;\n\n        /* get system property user.home */\n        /* POTENTIAL FLAW: Read data from a system property */\n        data = System.getProperty(\"user.home\");\n\n        String[] dataArray = new String[5];\n        dataArray[2] = data;\n        (new CWE23_Relative_Path_Traversal__Property_66b()).badSink(dataArray  );\n    }",
        "label": 1,
        "graph": "",
        "buggy_line": {
            "32": "data = System.getProperty(\"user.home\");"
        },
        "cwe_id": "CWE-23"
    },
    "134168_CWE23_Relative_Path_Traversal__Property_66a_good_39_42": {
        "filename": "134168_CWE23_Relative_Path_Traversal__Property_66a",
        "function_name": "good",
        "code": "public void good() throws Throwable\n    {\n        goodG2B();\n    }",
        "label": 0,
        "graph": "",
        "buggy_line": {},
        "cwe_id": []
    },
    "134168_CWE23_Relative_Path_Traversal__Property_66a_goodG2B_45_55": {
        "filename": "134168_CWE23_Relative_Path_Traversal__Property_66a",
        "function_name": "goodG2B",
        "code": "private void goodG2B() throws Throwable\n    {\n        String data;\n\n        /* FIX: Use a hardcoded string */\n        data = \"foo\";\n\n        String[] dataArray = new String[5];\n        dataArray[2] = data;\n        (new CWE23_Relative_Path_Traversal__Property_66b()).goodG2BSink(dataArray  );\n    }",
        "label": 0,
        "graph": "",
        "buggy_line": {},
        "cwe_id": []
    },
    "134168_CWE23_Relative_Path_Traversal__Property_66a_main_62_66": {
        "filename": "134168_CWE23_Relative_Path_Traversal__Property_66a",
        "function_name": "main",
        "code": "public static void main(String[] args) throws ClassNotFoundException,\n           InstantiationException, IllegalAccessException\n    {\n        mainFromParent(args);\n    }",
        "label": 0,
        "graph": "",
        "buggy_line": {},
        "cwe_id": []
    }
}