{
    "134176_CWE23_Relative_Path_Traversal__Property_81a_bad_26_36": {
        "filename": "134176_CWE23_Relative_Path_Traversal__Property_81a",
        "function_name": "bad",
        "code": "public void bad() throws Throwable\n    {\n        String data;\n\n        /* get system property user.home */\n        /* POTENTIAL FLAW: Read data from a system property */\n        data = System.getProperty(\"user.home\");\n\n        CWE23_Relative_Path_Traversal__Property_81_base baseObject = new CWE23_Relative_Path_Traversal__Property_81_bad();\n        baseObject.action(data );\n    }",
        "label": 1,
        "graph": "",
        "buggy_line": {
            "32": "data = System.getProperty(\"user.home\");"
        },
        "cwe_id": "CWE-23"
    },
    "134176_CWE23_Relative_Path_Traversal__Property_81a_good_38_41": {
        "filename": "134176_CWE23_Relative_Path_Traversal__Property_81a",
        "function_name": "good",
        "code": "public void good() throws Throwable\n    {\n        goodG2B();\n    }",
        "label": 0,
        "graph": "",
        "buggy_line": {},
        "cwe_id": []
    },
    "134176_CWE23_Relative_Path_Traversal__Property_81a_goodG2B_44_53": {
        "filename": "134176_CWE23_Relative_Path_Traversal__Property_81a",
        "function_name": "goodG2B",
        "code": "private void goodG2B() throws Throwable\n    {\n        String data;\n\n        /* FIX: Use a hardcoded string */\n        data = \"foo\";\n\n        CWE23_Relative_Path_Traversal__Property_81_base baseObject = new CWE23_Relative_Path_Traversal__Property_81_goodG2B();\n        baseObject.action(data );\n    }",
        "label": 0,
        "graph": "",
        "buggy_line": {},
        "cwe_id": []
    },
    "134176_CWE23_Relative_Path_Traversal__Property_81a_main_60_64": {
        "filename": "134176_CWE23_Relative_Path_Traversal__Property_81a",
        "function_name": "main",
        "code": "public static void main(String[] args) throws ClassNotFoundException,\n           InstantiationException, IllegalAccessException\n    {\n        mainFromParent(args);\n    }",
        "label": 0,
        "graph": "",
        "buggy_line": {},
        "cwe_id": []
    }
}