{
    "134262_CWE23_Relative_Path_Traversal__console_readLine_12_bad_33_165": {
        "filename": "134262_CWE23_Relative_Path_Traversal__console_readLine_12",
        "function_name": "bad",
        "code": "public void bad() throws Throwable\n    {\n        String data;\n        if (IO.staticReturnsTrueOrFalse())\n        {\n            data = \"\"; /* Initialize data */\n            {\n                InputStreamReader readerInputStream = null;\n                BufferedReader readerBuffered = null;\n                /* read user input from console with readLine */\n                try\n                {\n                    readerInputStream = new InputStreamReader(System.in, \"UTF-8\");\n                    readerBuffered = new BufferedReader(readerInputStream);\n                    /* POTENTIAL FLAW: Read data from the console using readLine */\n                    data = readerBuffered.readLine();\n                }\n                catch (IOException exceptIO)\n                {\n                    IO.logger.log(Level.WARNING, \"Error with stream reading\", exceptIO);\n                }\n                finally\n                {\n                    try\n                    {\n                        if (readerBuffered != null)\n                        {\n                            readerBuffered.close();\n                        }\n                    }\n                    catch (IOException exceptIO)\n                    {\n                        IO.logger.log(Level.WARNING, \"Error closing BufferedReader\", exceptIO);\n                    }\n\n                    try\n                    {\n                        if (readerInputStream != null)\n                        {\n                            readerInputStream.close();\n                        }\n                    }\n                    catch (IOException exceptIO)\n                    {\n                        IO.logger.log(Level.WARNING, \"Error closing InputStreamReader\", exceptIO);\n                    }\n                }\n            }\n            /* NOTE: Tools may report a flaw here because buffread and isr are not closed.  Unfortunately, closing those will close System.in, which will cause any future attempts to read from the console to fail and throw an exception */\n        }\n        else\n        {\n\n            /* FIX: Use a hardcoded string */\n            data = \"foo\";\n\n        }\n\n        String root;\n        if(System.getProperty(\"os.name\").toLowerCase().indexOf(\"win\") >= 0)\n        {\n            /* running on Windows */\n            root = \"C:\\\\uploads\\\\\";\n        }\n        else\n        {\n            /* running on non-Windows */\n            root = \"/home/user/uploads/\";\n        }\n\n        if (data != null)\n        {\n            /* POTENTIAL FLAW: no validation of concatenated value */\n            File file = new File(root + data);\n            FileInputStream streamFileInputSink = null;\n            InputStreamReader readerInputStreamSink = null;\n            BufferedReader readerBufferdSink = null;\n            if (file.exists() && file.isFile())\n            {\n                try\n                {\n                    streamFileInputSink = new FileInputStream(file);\n                    readerInputStreamSink = new InputStreamReader(streamFileInputSink, \"UTF-8\");\n                    readerBufferdSink = new BufferedReader(readerInputStreamSink);\n                    IO.writeLine(readerBufferdSink.readLine());\n                }\n                catch (IOException exceptIO)\n                {\n                    IO.logger.log(Level.WARNING, \"Error with stream reading\", exceptIO);\n                }\n                finally\n                {\n                    /* Close stream reading objects */\n                    try\n                    {\n                        if (readerBufferdSink != null)\n                        {\n                            readerBufferdSink.close();\n                        }\n                    }\n                    catch (IOException exceptIO)\n                    {\n                        IO.logger.log(Level.WARNING, \"Error closing BufferedReader\", exceptIO);\n                    }\n\n                    try\n                    {\n                        if (readerInputStreamSink != null)\n                        {\n                            readerInputStreamSink.close();\n                        }\n                    }\n                    catch (IOException exceptIO)\n                    {\n                        IO.logger.log(Level.WARNING, \"Error closing InputStreamReader\", exceptIO);\n                    }\n\n                    try\n                    {\n                        if (streamFileInputSink != null)\n                        {\n                            streamFileInputSink.close();\n                        }\n                    }\n                    catch (IOException exceptIO)\n                    {\n                        IO.logger.log(Level.WARNING, \"Error closing FileInputStream\", exceptIO);\n                    }\n                }\n            }\n        }\n\n    }",
        "label": 1,
        "graph": "",
        "buggy_line": {
            "48": "data = readerBuffered.readLine();",
            "106": "File file = new File(root + data);"
        },
        "cwe_id": "CWE-23"
    },
    "134262_CWE23_Relative_Path_Traversal__console_readLine_12_goodG2B_169_259": {
        "filename": "134262_CWE23_Relative_Path_Traversal__console_readLine_12",
        "function_name": "goodG2B",
        "code": "private void goodG2B() throws Throwable\n    {\n        String data;\n        if (IO.staticReturnsTrueOrFalse())\n        {\n            /* FIX: Use a hardcoded string */\n            data = \"foo\";\n        }\n        else\n        {\n\n            /* FIX: Use a hardcoded string */\n            data = \"foo\";\n\n        }\n\n        String root;\n        if(System.getProperty(\"os.name\").toLowerCase().indexOf(\"win\") >= 0)\n        {\n            /* running on Windows */\n            root = \"C:\\\\uploads\\\\\";\n        }\n        else\n        {\n            /* running on non-Windows */\n            root = \"/home/user/uploads/\";\n        }\n\n        if (data != null)\n        {\n            /* POTENTIAL FLAW: no validation of concatenated value */\n            File file = new File(root + data);\n            FileInputStream streamFileInputSink = null;\n            InputStreamReader readerInputStreamSink = null;\n            BufferedReader readerBufferdSink = null;\n            if (file.exists() && file.isFile())\n            {\n                try\n                {\n                    streamFileInputSink = new FileInputStream(file);\n                    readerInputStreamSink = new InputStreamReader(streamFileInputSink, \"UTF-8\");\n                    readerBufferdSink = new BufferedReader(readerInputStreamSink);\n                    IO.writeLine(readerBufferdSink.readLine());\n                }\n                catch (IOException exceptIO)\n                {\n                    IO.logger.log(Level.WARNING, \"Error with stream reading\", exceptIO);\n                }\n                finally\n                {\n                    /* Close stream reading objects */\n                    try\n                    {\n                        if (readerBufferdSink != null)\n                        {\n                            readerBufferdSink.close();\n                        }\n                    }\n                    catch (IOException exceptIO)\n                    {\n                        IO.logger.log(Level.WARNING, \"Error closing BufferedReader\", exceptIO);\n                    }\n\n                    try\n                    {\n                        if (readerInputStreamSink != null)\n                        {\n                            readerInputStreamSink.close();\n                        }\n                    }\n                    catch (IOException exceptIO)\n                    {\n                        IO.logger.log(Level.WARNING, \"Error closing InputStreamReader\", exceptIO);\n                    }\n\n                    try\n                    {\n                        if (streamFileInputSink != null)\n                        {\n                            streamFileInputSink.close();\n                        }\n                    }\n                    catch (IOException exceptIO)\n                    {\n                        IO.logger.log(Level.WARNING, \"Error closing FileInputStream\", exceptIO);\n                    }\n                }\n            }\n        }\n\n    }",
        "label": 0,
        "graph": "",
        "buggy_line": {},
        "cwe_id": []
    },
    "134262_CWE23_Relative_Path_Traversal__console_readLine_12_good_261_264": {
        "filename": "134262_CWE23_Relative_Path_Traversal__console_readLine_12",
        "function_name": "good",
        "code": "public void good() throws Throwable\n    {\n        goodG2B();\n    }",
        "label": 0,
        "graph": "",
        "buggy_line": {},
        "cwe_id": []
    },
    "134262_CWE23_Relative_Path_Traversal__console_readLine_12_main_271_275": {
        "filename": "134262_CWE23_Relative_Path_Traversal__console_readLine_12",
        "function_name": "main",
        "code": "public static void main(String[] args) throws ClassNotFoundException,\n           InstantiationException, IllegalAccessException\n    {\n        mainFromParent(args);\n    }",
        "label": 0,
        "graph": "",
        "buggy_line": {},
        "cwe_id": []
    }
}