{
    "134243_CWE23_Relative_Path_Traversal__connect_tcp_67a_bad_38_112": {
        "filename": "134243_CWE23_Relative_Path_Traversal__connect_tcp_67a",
        "function_name": "bad",
        "code": "public void bad() throws Throwable\n    {\n        String data;\n\n        data = \"\"; /* Initialize data */\n\n        /* Read data using an outbound tcp connection */\n        {\n            Socket socket = null;\n            BufferedReader readerBuffered = null;\n            InputStreamReader readerInputStream = null;\n\n            try\n            {\n                /* Read data using an outbound tcp connection */\n                socket = new Socket(\"host.example.org\", 39544);\n\n                /* read input from socket */\n\n                readerInputStream = new InputStreamReader(socket.getInputStream(), \"UTF-8\");\n                readerBuffered = new BufferedReader(readerInputStream);\n\n                /* POTENTIAL FLAW: Read data using an outbound tcp connection */\n                data = readerBuffered.readLine();\n            }\n            catch (IOException exceptIO)\n            {\n                IO.logger.log(Level.WARNING, \"Error with stream reading\", exceptIO);\n            }\n            finally\n            {\n                /* clean up stream reading objects */\n                try\n                {\n                    if (readerBuffered != null)\n                    {\n                        readerBuffered.close();\n                    }\n                }\n                catch (IOException exceptIO)\n                {\n                    IO.logger.log(Level.WARNING, \"Error closing BufferedReader\", exceptIO);\n                }\n\n                try\n                {\n                    if (readerInputStream != null)\n                    {\n                        readerInputStream.close();\n                    }\n                }\n                catch (IOException exceptIO)\n                {\n                    IO.logger.log(Level.WARNING, \"Error closing InputStreamReader\", exceptIO);\n                }\n\n                /* clean up socket objects */\n                try\n                {\n                    if (socket != null)\n                    {\n                        socket.close();\n                    }\n                }\n                catch (IOException exceptIO)\n                {\n                    IO.logger.log(Level.WARNING, \"Error closing Socket\", exceptIO);\n                }\n            }\n        }\n\n        Container dataContainer = new Container();\n        dataContainer.containerOne = data;\n        (new CWE23_Relative_Path_Traversal__connect_tcp_67b()).badSink(dataContainer  );\n    }",
        "label": 1,
        "graph": "",
        "buggy_line": {
            "61": "data = readerBuffered.readLine();"
        },
        "cwe_id": "CWE-23"
    },
    "134243_CWE23_Relative_Path_Traversal__connect_tcp_67a_good_114_117": {
        "filename": "134243_CWE23_Relative_Path_Traversal__connect_tcp_67a",
        "function_name": "good",
        "code": "public void good() throws Throwable\n    {\n        goodG2B();\n    }",
        "label": 0,
        "graph": "",
        "buggy_line": {},
        "cwe_id": []
    },
    "134243_CWE23_Relative_Path_Traversal__connect_tcp_67a_goodG2B_120_130": {
        "filename": "134243_CWE23_Relative_Path_Traversal__connect_tcp_67a",
        "function_name": "goodG2B",
        "code": "private void goodG2B() throws Throwable\n    {\n        String data;\n\n        /* FIX: Use a hardcoded string */\n        data = \"foo\";\n\n        Container dataContainer = new Container();\n        dataContainer.containerOne = data;\n        (new CWE23_Relative_Path_Traversal__connect_tcp_67b()).goodG2BSink(dataContainer  );\n    }",
        "label": 0,
        "graph": "",
        "buggy_line": {},
        "cwe_id": []
    },
    "134243_CWE23_Relative_Path_Traversal__connect_tcp_67a_main_137_141": {
        "filename": "134243_CWE23_Relative_Path_Traversal__connect_tcp_67a",
        "function_name": "main",
        "code": "public static void main(String[] args) throws ClassNotFoundException,\n           InstantiationException, IllegalAccessException\n    {\n        mainFromParent(args);\n    }",
        "label": 0,
        "graph": "",
        "buggy_line": {},
        "cwe_id": []
    }
}