{
    "134209_CWE23_Relative_Path_Traversal__URLConnection_72a_bad_35_95": {
        "filename": "134209_CWE23_Relative_Path_Traversal__URLConnection_72a",
        "function_name": "bad",
        "code": "public void bad() throws Throwable\n    {\n        String data;\n\n        data = \"\"; /* Initialize data */\n\n        /* read input from URLConnection */\n        {\n            URLConnection urlConnection = (new URL(\"http://www.example.org/\")).openConnection();\n            BufferedReader readerBuffered = null;\n            InputStreamReader readerInputStream = null;\n\n            try\n            {\n                readerInputStream = new InputStreamReader(urlConnection.getInputStream(), \"UTF-8\");\n                readerBuffered = new BufferedReader(readerInputStream);\n\n                /* POTENTIAL FLAW: Read data from a web server with URLConnection */\n                /* This will be reading the first \"line\" of the response body,\n                 * which could be very long if there are no newlines in the HTML */\n                data = readerBuffered.readLine();\n            }\n            catch (IOException exceptIO)\n            {\n                IO.logger.log(Level.WARNING, \"Error with stream reading\", exceptIO);\n            }\n            finally\n            {\n                /* clean up stream reading objects */\n                try\n                {\n                    if (readerBuffered != null)\n                    {\n                        readerBuffered.close();\n                    }\n                }\n                catch (IOException exceptIO)\n                {\n                    IO.logger.log(Level.WARNING, \"Error closing BufferedReader\", exceptIO);\n                }\n\n                try\n                {\n                    if (readerInputStream != null)\n                    {\n                        readerInputStream.close();\n                    }\n                }\n                catch (IOException exceptIO)\n                {\n                    IO.logger.log(Level.WARNING, \"Error closing InputStreamReader\", exceptIO);\n                }\n            }\n        }\n\n        Vector<String> dataVector = new Vector<String>(5);\n        dataVector.add(0, data);\n        dataVector.add(1, data);\n        dataVector.add(2, data);\n        (new CWE23_Relative_Path_Traversal__URLConnection_72b()).badSink(dataVector  );\n    }",
        "label": 1,
        "graph": "",
        "buggy_line": {
            "55": "data = readerBuffered.readLine();"
        },
        "cwe_id": "CWE-23"
    },
    "134209_CWE23_Relative_Path_Traversal__URLConnection_72a_good_97_100": {
        "filename": "134209_CWE23_Relative_Path_Traversal__URLConnection_72a",
        "function_name": "good",
        "code": "public void good() throws Throwable\n    {\n        goodG2B();\n    }",
        "label": 0,
        "graph": "",
        "buggy_line": {},
        "cwe_id": []
    },
    "134209_CWE23_Relative_Path_Traversal__URLConnection_72a_goodG2B_103_115": {
        "filename": "134209_CWE23_Relative_Path_Traversal__URLConnection_72a",
        "function_name": "goodG2B",
        "code": "private void goodG2B() throws Throwable\n    {\n        String data;\n\n        /* FIX: Use a hardcoded string */\n        data = \"foo\";\n\n        Vector<String> dataVector = new Vector<String>(5);\n        dataVector.add(0, data);\n        dataVector.add(1, data);\n        dataVector.add(2, data);\n        (new CWE23_Relative_Path_Traversal__URLConnection_72b()).goodG2BSink(dataVector  );\n    }",
        "label": 0,
        "graph": "",
        "buggy_line": {},
        "cwe_id": []
    },
    "134209_CWE23_Relative_Path_Traversal__URLConnection_72a_main_122_126": {
        "filename": "134209_CWE23_Relative_Path_Traversal__URLConnection_72a",
        "function_name": "main",
        "code": "public static void main(String[] args) throws ClassNotFoundException,\n           InstantiationException, IllegalAccessException\n    {\n        mainFromParent(args);\n    }",
        "label": 0,
        "graph": "",
        "buggy_line": {},
        "cwe_id": []
    }
}