{
    "134230_CWE23_Relative_Path_Traversal__connect_tcp_17_bad_34_180": {
        "filename": "134230_CWE23_Relative_Path_Traversal__connect_tcp_17",
        "function_name": "bad",
        "code": "public void bad() throws Throwable\n    {\n        String data;\n\n        data = \"\"; /* Initialize data */\n\n        /* Read data using an outbound tcp connection */\n        {\n            Socket socket = null;\n            BufferedReader readerBuffered = null;\n            InputStreamReader readerInputStream = null;\n\n            try\n            {\n                /* Read data using an outbound tcp connection */\n                socket = new Socket(\"host.example.org\", 39544);\n\n                /* read input from socket */\n\n                readerInputStream = new InputStreamReader(socket.getInputStream(), \"UTF-8\");\n                readerBuffered = new BufferedReader(readerInputStream);\n\n                /* POTENTIAL FLAW: Read data using an outbound tcp connection */\n                data = readerBuffered.readLine();\n            }\n            catch (IOException exceptIO)\n            {\n                IO.logger.log(Level.WARNING, \"Error with stream reading\", exceptIO);\n            }\n            finally\n            {\n                /* clean up stream reading objects */\n                try\n                {\n                    if (readerBuffered != null)\n                    {\n                        readerBuffered.close();\n                    }\n                }\n                catch (IOException exceptIO)\n                {\n                    IO.logger.log(Level.WARNING, \"Error closing BufferedReader\", exceptIO);\n                }\n\n                try\n                {\n                    if (readerInputStream != null)\n                    {\n                        readerInputStream.close();\n                    }\n                }\n                catch (IOException exceptIO)\n                {\n                    IO.logger.log(Level.WARNING, \"Error closing InputStreamReader\", exceptIO);\n                }\n\n                /* clean up socket objects */\n                try\n                {\n                    if (socket != null)\n                    {\n                        socket.close();\n                    }\n                }\n                catch (IOException exceptIO)\n                {\n                    IO.logger.log(Level.WARNING, \"Error closing Socket\", exceptIO);\n                }\n            }\n        }\n\n        for (int i = 0; i < 1; i++)\n        {\n            String root;\n            if(System.getProperty(\"os.name\").toLowerCase().indexOf(\"win\") >= 0)\n            {\n                /* running on Windows */\n                root = \"C:\\\\uploads\\\\\";\n            }\n            else\n            {\n                /* running on non-Windows */\n                root = \"/home/user/uploads/\";\n            }\n            if (data != null)\n            {\n                /* POTENTIAL FLAW: no validation of concatenated value */\n                File file = new File(root + data);\n                FileInputStream streamFileInputSink = null;\n                InputStreamReader readerInputStreamSink = null;\n                BufferedReader readerBufferdSink = null;\n                if (file.exists() && file.isFile())\n                {\n                    try\n                    {\n                        streamFileInputSink = new FileInputStream(file);\n                        readerInputStreamSink = new InputStreamReader(streamFileInputSink, \"UTF-8\");\n                        readerBufferdSink = new BufferedReader(readerInputStreamSink);\n                        IO.writeLine(readerBufferdSink.readLine());\n                    }\n                    catch (IOException exceptIO)\n                    {\n                        IO.logger.log(Level.WARNING, \"Error with stream reading\", exceptIO);\n                    }\n                    finally\n                    {\n                        /* Close stream reading objects */\n                        try\n                        {\n                            if (readerBufferdSink != null)\n                            {\n                                readerBufferdSink.close();\n                            }\n                        }\n                        catch (IOException exceptIO)\n                        {\n                            IO.logger.log(Level.WARNING, \"Error closing BufferedReader\", exceptIO);\n                        }\n\n                        try\n                        {\n                            if (readerInputStreamSink != null)\n                            {\n                                readerInputStreamSink.close();\n                            }\n                        }\n                        catch (IOException exceptIO)\n                        {\n                            IO.logger.log(Level.WARNING, \"Error closing InputStreamReader\", exceptIO);\n                        }\n\n                        try\n                        {\n                            if (streamFileInputSink != null)\n                            {\n                                streamFileInputSink.close();\n                            }\n                        }\n                        catch (IOException exceptIO)\n                        {\n                            IO.logger.log(Level.WARNING, \"Error closing FileInputStream\", exceptIO);\n                        }\n                    }\n                }\n            }\n        }\n    }",
        "label": 1,
        "graph": "",
        "buggy_line": {
            "57": "data = readerBuffered.readLine();",
            "121": "File file = new File(root + data);"
        },
        "cwe_id": "CWE-23"
    },
    "134230_CWE23_Relative_Path_Traversal__connect_tcp_17_goodG2B_184_266": {
        "filename": "134230_CWE23_Relative_Path_Traversal__connect_tcp_17",
        "function_name": "goodG2B",
        "code": "private void goodG2B() throws Throwable\n    {\n        String data;\n\n        /* FIX: Use a hardcoded string */\n        data = \"foo\";\n\n        for (int i = 0; i < 1; i++)\n        {\n            String root;\n            if(System.getProperty(\"os.name\").toLowerCase().indexOf(\"win\") >= 0)\n            {\n                /* running on Windows */\n                root = \"C:\\\\uploads\\\\\";\n            }\n            else\n            {\n                /* running on non-Windows */\n                root = \"/home/user/uploads/\";\n            }\n            if (data != null)\n            {\n                /* POTENTIAL FLAW: no validation of concatenated value */\n                File file = new File(root + data);\n                FileInputStream streamFileInputSink = null;\n                InputStreamReader readerInputStreamSink = null;\n                BufferedReader readerBufferdSink = null;\n                if (file.exists() && file.isFile())\n                {\n                    try\n                    {\n                        streamFileInputSink = new FileInputStream(file);\n                        readerInputStreamSink = new InputStreamReader(streamFileInputSink, \"UTF-8\");\n                        readerBufferdSink = new BufferedReader(readerInputStreamSink);\n                        IO.writeLine(readerBufferdSink.readLine());\n                    }\n                    catch (IOException exceptIO)\n                    {\n                        IO.logger.log(Level.WARNING, \"Error with stream reading\", exceptIO);\n                    }\n                    finally\n                    {\n                        /* Close stream reading objects */\n                        try\n                        {\n                            if (readerBufferdSink != null)\n                            {\n                                readerBufferdSink.close();\n                            }\n                        }\n                        catch (IOException exceptIO)\n                        {\n                            IO.logger.log(Level.WARNING, \"Error closing BufferedReader\", exceptIO);\n                        }\n\n                        try\n                        {\n                            if (readerInputStreamSink != null)\n                            {\n                                readerInputStreamSink.close();\n                            }\n                        }\n                        catch (IOException exceptIO)\n                        {\n                            IO.logger.log(Level.WARNING, \"Error closing InputStreamReader\", exceptIO);\n                        }\n\n                        try\n                        {\n                            if (streamFileInputSink != null)\n                            {\n                                streamFileInputSink.close();\n                            }\n                        }\n                        catch (IOException exceptIO)\n                        {\n                            IO.logger.log(Level.WARNING, \"Error closing FileInputStream\", exceptIO);\n                        }\n                    }\n                }\n            }\n        }\n    }",
        "label": 0,
        "graph": "",
        "buggy_line": {},
        "cwe_id": []
    },
    "134230_CWE23_Relative_Path_Traversal__connect_tcp_17_good_268_271": {
        "filename": "134230_CWE23_Relative_Path_Traversal__connect_tcp_17",
        "function_name": "good",
        "code": "public void good() throws Throwable\n    {\n        goodG2B();\n    }",
        "label": 0,
        "graph": "",
        "buggy_line": {},
        "cwe_id": []
    },
    "134230_CWE23_Relative_Path_Traversal__connect_tcp_17_main_278_282": {
        "filename": "134230_CWE23_Relative_Path_Traversal__connect_tcp_17",
        "function_name": "main",
        "code": "public static void main(String[] args) throws ClassNotFoundException,\n           InstantiationException, IllegalAccessException\n    {\n        mainFromParent(args);\n    }",
        "label": 0,
        "graph": "",
        "buggy_line": {},
        "cwe_id": []
    }
}