{
    "134396_CWE23_Relative_Path_Traversal__getParameter_Servlet_74a_bad_28_40": {
        "filename": "134396_CWE23_Relative_Path_Traversal__getParameter_Servlet_74a",
        "function_name": "bad",
        "code": "public void bad(HttpServletRequest request, HttpServletResponse response) throws Throwable\n    {\n        String data;\n\n        /* POTENTIAL FLAW: Read data from a querystring using getParameter */\n        data = request.getParameter(\"name\");\n\n        HashMap<Integer,String> dataHashMap = new HashMap<Integer,String>();\n        dataHashMap.put(0, data);\n        dataHashMap.put(1, data);\n        dataHashMap.put(2, data);\n        (new CWE23_Relative_Path_Traversal__getParameter_Servlet_74b()).badSink(dataHashMap , request, response );\n    }",
        "label": 1,
        "graph": "",
        "buggy_line": {
            "33": "data = request.getParameter(\"name\");"
        },
        "cwe_id": "CWE-23"
    },
    "134396_CWE23_Relative_Path_Traversal__getParameter_Servlet_74a_good_42_45": {
        "filename": "134396_CWE23_Relative_Path_Traversal__getParameter_Servlet_74a",
        "function_name": "good",
        "code": "public void good(HttpServletRequest request, HttpServletResponse response) throws Throwable\n    {\n        goodG2B(request, response);\n    }",
        "label": 0,
        "graph": "",
        "buggy_line": {},
        "cwe_id": []
    },
    "134396_CWE23_Relative_Path_Traversal__getParameter_Servlet_74a_goodG2B_48_60": {
        "filename": "134396_CWE23_Relative_Path_Traversal__getParameter_Servlet_74a",
        "function_name": "goodG2B",
        "code": "private void goodG2B(HttpServletRequest request, HttpServletResponse response) throws Throwable\n    {\n        String data;\n\n        /* FIX: Use a hardcoded string */\n        data = \"foo\";\n\n        HashMap<Integer,String> dataHashMap = new HashMap<Integer,String>();\n        dataHashMap.put(0, data);\n        dataHashMap.put(1, data);\n        dataHashMap.put(2, data);\n        (new CWE23_Relative_Path_Traversal__getParameter_Servlet_74b()).goodG2BSink(dataHashMap , request, response );\n    }",
        "label": 0,
        "graph": "",
        "buggy_line": {},
        "cwe_id": []
    },
    "134396_CWE23_Relative_Path_Traversal__getParameter_Servlet_74a_main_67_71": {
        "filename": "134396_CWE23_Relative_Path_Traversal__getParameter_Servlet_74a",
        "function_name": "main",
        "code": "public static void main(String[] args) throws ClassNotFoundException,\n           InstantiationException, IllegalAccessException\n    {\n        mainFromParent(args);\n    }",
        "label": 0,
        "graph": "",
        "buggy_line": {},
        "cwe_id": []
    }
}