{
    "134428_CWE23_Relative_Path_Traversal__getQueryString_Servlet_67a_bad_33_56": {
        "filename": "134428_CWE23_Relative_Path_Traversal__getQueryString_Servlet_67a",
        "function_name": "bad",
        "code": "public void bad(HttpServletRequest request, HttpServletResponse response) throws Throwable\n    {\n        String data;\n\n        data = \"\"; /* initialize data in case id is not in query string */\n\n        /* POTENTIAL FLAW: Parse id param out of the URL querystring (without using getParameter()) */\n        {\n            StringTokenizer tokenizer = new StringTokenizer(request.getQueryString(), \"&\");\n            while (tokenizer.hasMoreTokens())\n            {\n                String token = tokenizer.nextToken(); /* a token will be like \"id=foo\" */\n                if(token.startsWith(\"id=\")) /* check if we have the \"id\" parameter\" */\n                {\n                    data = token.substring(3); /* set data to \"foo\" */\n                    break; /* exit while loop */\n                }\n            }\n        }\n\n        Container dataContainer = new Container();\n        dataContainer.containerOne = data;\n        (new CWE23_Relative_Path_Traversal__getQueryString_Servlet_67b()).badSink(dataContainer , request, response );\n    }",
        "label": 1,
        "graph": "",
        "buggy_line": {
            "40": "{"
        },
        "cwe_id": "CWE-23"
    },
    "134428_CWE23_Relative_Path_Traversal__getQueryString_Servlet_67a_good_58_61": {
        "filename": "134428_CWE23_Relative_Path_Traversal__getQueryString_Servlet_67a",
        "function_name": "good",
        "code": "public void good(HttpServletRequest request, HttpServletResponse response) throws Throwable\n    {\n        goodG2B(request, response);\n    }",
        "label": 0,
        "graph": "",
        "buggy_line": {},
        "cwe_id": []
    },
    "134428_CWE23_Relative_Path_Traversal__getQueryString_Servlet_67a_goodG2B_64_74": {
        "filename": "134428_CWE23_Relative_Path_Traversal__getQueryString_Servlet_67a",
        "function_name": "goodG2B",
        "code": "private void goodG2B(HttpServletRequest request, HttpServletResponse response) throws Throwable\n    {\n        String data;\n\n        /* FIX: Use a hardcoded string */\n        data = \"foo\";\n\n        Container dataContainer = new Container();\n        dataContainer.containerOne = data;\n        (new CWE23_Relative_Path_Traversal__getQueryString_Servlet_67b()).goodG2BSink(dataContainer , request, response );\n    }",
        "label": 0,
        "graph": "",
        "buggy_line": {},
        "cwe_id": []
    },
    "134428_CWE23_Relative_Path_Traversal__getQueryString_Servlet_67a_main_81_85": {
        "filename": "134428_CWE23_Relative_Path_Traversal__getQueryString_Servlet_67a",
        "function_name": "main",
        "code": "public static void main(String[] args) throws ClassNotFoundException,\n           InstantiationException, IllegalAccessException\n    {\n        mainFromParent(args);\n    }",
        "label": 0,
        "graph": "",
        "buggy_line": {},
        "cwe_id": []
    }
}