{
    "134433_CWE23_Relative_Path_Traversal__getQueryString_Servlet_74a_bad_29_54": {
        "filename": "134433_CWE23_Relative_Path_Traversal__getQueryString_Servlet_74a",
        "function_name": "bad",
        "code": "public void bad(HttpServletRequest request, HttpServletResponse response) throws Throwable\n    {\n        String data;\n\n        data = \"\"; /* initialize data in case id is not in query string */\n\n        /* POTENTIAL FLAW: Parse id param out of the URL querystring (without using getParameter()) */\n        {\n            StringTokenizer tokenizer = new StringTokenizer(request.getQueryString(), \"&\");\n            while (tokenizer.hasMoreTokens())\n            {\n                String token = tokenizer.nextToken(); /* a token will be like \"id=foo\" */\n                if(token.startsWith(\"id=\")) /* check if we have the \"id\" parameter\" */\n                {\n                    data = token.substring(3); /* set data to \"foo\" */\n                    break; /* exit while loop */\n                }\n            }\n        }\n\n        HashMap<Integer,String> dataHashMap = new HashMap<Integer,String>();\n        dataHashMap.put(0, data);\n        dataHashMap.put(1, data);\n        dataHashMap.put(2, data);\n        (new CWE23_Relative_Path_Traversal__getQueryString_Servlet_74b()).badSink(dataHashMap , request, response );\n    }",
        "label": 1,
        "graph": "",
        "buggy_line": {
            "36": "{"
        },
        "cwe_id": "CWE-23"
    },
    "134433_CWE23_Relative_Path_Traversal__getQueryString_Servlet_74a_good_56_59": {
        "filename": "134433_CWE23_Relative_Path_Traversal__getQueryString_Servlet_74a",
        "function_name": "good",
        "code": "public void good(HttpServletRequest request, HttpServletResponse response) throws Throwable\n    {\n        goodG2B(request, response);\n    }",
        "label": 0,
        "graph": "",
        "buggy_line": {},
        "cwe_id": []
    },
    "134433_CWE23_Relative_Path_Traversal__getQueryString_Servlet_74a_goodG2B_62_74": {
        "filename": "134433_CWE23_Relative_Path_Traversal__getQueryString_Servlet_74a",
        "function_name": "goodG2B",
        "code": "private void goodG2B(HttpServletRequest request, HttpServletResponse response) throws Throwable\n    {\n        String data;\n\n        /* FIX: Use a hardcoded string */\n        data = \"foo\";\n\n        HashMap<Integer,String> dataHashMap = new HashMap<Integer,String>();\n        dataHashMap.put(0, data);\n        dataHashMap.put(1, data);\n        dataHashMap.put(2, data);\n        (new CWE23_Relative_Path_Traversal__getQueryString_Servlet_74b()).goodG2BSink(dataHashMap , request, response );\n    }",
        "label": 0,
        "graph": "",
        "buggy_line": {},
        "cwe_id": []
    },
    "134433_CWE23_Relative_Path_Traversal__getQueryString_Servlet_74a_main_81_85": {
        "filename": "134433_CWE23_Relative_Path_Traversal__getQueryString_Servlet_74a",
        "function_name": "main",
        "code": "public static void main(String[] args) throws ClassNotFoundException,\n           InstantiationException, IllegalAccessException\n    {\n        mainFromParent(args);\n    }",
        "label": 0,
        "graph": "",
        "buggy_line": {},
        "cwe_id": []
    }
}