{
    "134402_CWE23_Relative_Path_Traversal__getQueryString_Servlet_04_bad_37_138": {
        "filename": "134402_CWE23_Relative_Path_Traversal__getQueryString_Servlet_04",
        "function_name": "bad",
        "code": "public void bad(HttpServletRequest request, HttpServletResponse response) throws Throwable\n    {\n        String data;\n        if (PRIVATE_STATIC_FINAL_TRUE)\n        {\n            data = \"\"; /* initialize data in case id is not in query string */\n            /* POTENTIAL FLAW: Parse id param out of the URL querystring (without using getParameter()) */\n            {\n                StringTokenizer tokenizer = new StringTokenizer(request.getQueryString(), \"&\");\n                while (tokenizer.hasMoreTokens())\n                {\n                    String token = tokenizer.nextToken(); /* a token will be like \"id=foo\" */\n                    if(token.startsWith(\"id=\")) /* check if we have the \"id\" parameter\" */\n                    {\n                        data = token.substring(3); /* set data to \"foo\" */\n                        break; /* exit while loop */\n                    }\n                }\n            }\n        }\n        else\n        {\n            /* INCIDENTAL: CWE 561 Dead Code, the code below will never run\n             * but ensure data is inititialized before the Sink to avoid compiler errors */\n            data = null;\n        }\n\n        String root;\n        if(System.getProperty(\"os.name\").toLowerCase().indexOf(\"win\") >= 0)\n        {\n            /* running on Windows */\n            root = \"C:\\\\uploads\\\\\";\n        }\n        else\n        {\n            /* running on non-Windows */\n            root = \"/home/user/uploads/\";\n        }\n\n        if (data != null)\n        {\n            /* POTENTIAL FLAW: no validation of concatenated value */\n            File file = new File(root + data);\n            FileInputStream streamFileInputSink = null;\n            InputStreamReader readerInputStreamSink = null;\n            BufferedReader readerBufferdSink = null;\n            if (file.exists() && file.isFile())\n            {\n                try\n                {\n                    streamFileInputSink = new FileInputStream(file);\n                    readerInputStreamSink = new InputStreamReader(streamFileInputSink, \"UTF-8\");\n                    readerBufferdSink = new BufferedReader(readerInputStreamSink);\n                    IO.writeLine(readerBufferdSink.readLine());\n                }\n                catch (IOException exceptIO)\n                {\n                    IO.logger.log(Level.WARNING, \"Error with stream reading\", exceptIO);\n                }\n                finally\n                {\n                    /* Close stream reading objects */\n                    try\n                    {\n                        if (readerBufferdSink != null)\n                        {\n                            readerBufferdSink.close();\n                        }\n                    }\n                    catch (IOException exceptIO)\n                    {\n                        IO.logger.log(Level.WARNING, \"Error closing BufferedReader\", exceptIO);\n                    }\n\n                    try\n                    {\n                        if (readerInputStreamSink != null)\n                        {\n                            readerInputStreamSink.close();\n                        }\n                    }\n                    catch (IOException exceptIO)\n                    {\n                        IO.logger.log(Level.WARNING, \"Error closing InputStreamReader\", exceptIO);\n                    }\n\n                    try\n                    {\n                        if (streamFileInputSink != null)\n                        {\n                            streamFileInputSink.close();\n                        }\n                    }\n                    catch (IOException exceptIO)\n                    {\n                        IO.logger.log(Level.WARNING, \"Error closing FileInputStream\", exceptIO);\n                    }\n                }\n            }\n        }\n\n    }",
        "label": 1,
        "graph": "",
        "buggy_line": {
            "44": "{",
            "79": "File file = new File(root + data);"
        },
        "cwe_id": "CWE-23"
    },
    "134402_CWE23_Relative_Path_Traversal__getQueryString_Servlet_04_goodG2B1_141_232": {
        "filename": "134402_CWE23_Relative_Path_Traversal__getQueryString_Servlet_04",
        "function_name": "goodG2B1",
        "code": "private void goodG2B1(HttpServletRequest request, HttpServletResponse response) throws Throwable\n    {\n        String data;\n        if (PRIVATE_STATIC_FINAL_FALSE)\n        {\n            /* INCIDENTAL: CWE 561 Dead Code, the code below will never run\n             * but ensure data is inititialized before the Sink to avoid compiler errors */\n            data = null;\n        }\n        else\n        {\n\n            /* FIX: Use a hardcoded string */\n            data = \"foo\";\n\n        }\n\n        String root;\n        if(System.getProperty(\"os.name\").toLowerCase().indexOf(\"win\") >= 0)\n        {\n            /* running on Windows */\n            root = \"C:\\\\uploads\\\\\";\n        }\n        else\n        {\n            /* running on non-Windows */\n            root = \"/home/user/uploads/\";\n        }\n\n        if (data != null)\n        {\n            /* POTENTIAL FLAW: no validation of concatenated value */\n            File file = new File(root + data);\n            FileInputStream streamFileInputSink = null;\n            InputStreamReader readerInputStreamSink = null;\n            BufferedReader readerBufferdSink = null;\n            if (file.exists() && file.isFile())\n            {\n                try\n                {\n                    streamFileInputSink = new FileInputStream(file);\n                    readerInputStreamSink = new InputStreamReader(streamFileInputSink, \"UTF-8\");\n                    readerBufferdSink = new BufferedReader(readerInputStreamSink);\n                    IO.writeLine(readerBufferdSink.readLine());\n                }\n                catch (IOException exceptIO)\n                {\n                    IO.logger.log(Level.WARNING, \"Error with stream reading\", exceptIO);\n                }\n                finally\n                {\n                    /* Close stream reading objects */\n                    try\n                    {\n                        if (readerBufferdSink != null)\n                        {\n                            readerBufferdSink.close();\n                        }\n                    }\n                    catch (IOException exceptIO)\n                    {\n                        IO.logger.log(Level.WARNING, \"Error closing BufferedReader\", exceptIO);\n                    }\n\n                    try\n                    {\n                        if (readerInputStreamSink != null)\n                        {\n                            readerInputStreamSink.close();\n                        }\n                    }\n                    catch (IOException exceptIO)\n                    {\n                        IO.logger.log(Level.WARNING, \"Error closing InputStreamReader\", exceptIO);\n                    }\n\n                    try\n                    {\n                        if (streamFileInputSink != null)\n                        {\n                            streamFileInputSink.close();\n                        }\n                    }\n                    catch (IOException exceptIO)\n                    {\n                        IO.logger.log(Level.WARNING, \"Error closing FileInputStream\", exceptIO);\n                    }\n                }\n            }\n        }\n\n    }",
        "label": 0,
        "graph": "",
        "buggy_line": {},
        "cwe_id": []
    },
    "134402_CWE23_Relative_Path_Traversal__getQueryString_Servlet_04_goodG2B2_235_324": {
        "filename": "134402_CWE23_Relative_Path_Traversal__getQueryString_Servlet_04",
        "function_name": "goodG2B2",
        "code": "private void goodG2B2(HttpServletRequest request, HttpServletResponse response) throws Throwable\n    {\n        String data;\n        if (PRIVATE_STATIC_FINAL_TRUE)\n        {\n            /* FIX: Use a hardcoded string */\n            data = \"foo\";\n        }\n        else\n        {\n            /* INCIDENTAL: CWE 561 Dead Code, the code below will never run\n             * but ensure data is inititialized before the Sink to avoid compiler errors */\n            data = null;\n        }\n\n        String root;\n        if(System.getProperty(\"os.name\").toLowerCase().indexOf(\"win\") >= 0)\n        {\n            /* running on Windows */\n            root = \"C:\\\\uploads\\\\\";\n        }\n        else\n        {\n            /* running on non-Windows */\n            root = \"/home/user/uploads/\";\n        }\n\n        if (data != null)\n        {\n            /* POTENTIAL FLAW: no validation of concatenated value */\n            File file = new File(root + data);\n            FileInputStream streamFileInputSink = null;\n            InputStreamReader readerInputStreamSink = null;\n            BufferedReader readerBufferdSink = null;\n            if (file.exists() && file.isFile())\n            {\n                try\n                {\n                    streamFileInputSink = new FileInputStream(file);\n                    readerInputStreamSink = new InputStreamReader(streamFileInputSink, \"UTF-8\");\n                    readerBufferdSink = new BufferedReader(readerInputStreamSink);\n                    IO.writeLine(readerBufferdSink.readLine());\n                }\n                catch (IOException exceptIO)\n                {\n                    IO.logger.log(Level.WARNING, \"Error with stream reading\", exceptIO);\n                }\n                finally\n                {\n                    /* Close stream reading objects */\n                    try\n                    {\n                        if (readerBufferdSink != null)\n                        {\n                            readerBufferdSink.close();\n                        }\n                    }\n                    catch (IOException exceptIO)\n                    {\n                        IO.logger.log(Level.WARNING, \"Error closing BufferedReader\", exceptIO);\n                    }\n\n                    try\n                    {\n                        if (readerInputStreamSink != null)\n                        {\n                            readerInputStreamSink.close();\n                        }\n                    }\n                    catch (IOException exceptIO)\n                    {\n                        IO.logger.log(Level.WARNING, \"Error closing InputStreamReader\", exceptIO);\n                    }\n\n                    try\n                    {\n                        if (streamFileInputSink != null)\n                        {\n                            streamFileInputSink.close();\n                        }\n                    }\n                    catch (IOException exceptIO)\n                    {\n                        IO.logger.log(Level.WARNING, \"Error closing FileInputStream\", exceptIO);\n                    }\n                }\n            }\n        }\n\n    }",
        "label": 0,
        "graph": "",
        "buggy_line": {},
        "cwe_id": []
    },
    "134402_CWE23_Relative_Path_Traversal__getQueryString_Servlet_04_good_326_330": {
        "filename": "134402_CWE23_Relative_Path_Traversal__getQueryString_Servlet_04",
        "function_name": "good",
        "code": "public void good(HttpServletRequest request, HttpServletResponse response) throws Throwable\n    {\n        goodG2B1(request, response);\n        goodG2B2(request, response);\n    }",
        "label": 0,
        "graph": "",
        "buggy_line": {},
        "cwe_id": []
    },
    "134402_CWE23_Relative_Path_Traversal__getQueryString_Servlet_04_main_337_341": {
        "filename": "134402_CWE23_Relative_Path_Traversal__getQueryString_Servlet_04",
        "function_name": "main",
        "code": "public static void main(String[] args) throws ClassNotFoundException,\n           InstantiationException, IllegalAccessException\n    {\n        mainFromParent(args);\n    }",
        "label": 0,
        "graph": "",
        "buggy_line": {},
        "cwe_id": []
    }
}