{
    "134462_CWE23_Relative_Path_Traversal__listen_tcp_54a_bad_34_120": {
        "filename": "134462_CWE23_Relative_Path_Traversal__listen_tcp_54a",
        "function_name": "bad",
        "code": "public void bad() throws Throwable\n    {\n        String data;\n\n        data = \"\"; /* Initialize data */\n\n        /* Read data using a listening tcp connection */\n        {\n            ServerSocket listener = null;\n            Socket socket = null;\n            BufferedReader readerBuffered = null;\n            InputStreamReader readerInputStream = null;\n\n            /* Read data using a listening tcp connection */\n            try\n            {\n                listener = new ServerSocket(39543);\n                socket = listener.accept();\n\n                /* read input from socket */\n\n                readerInputStream = new InputStreamReader(socket.getInputStream(), \"UTF-8\");\n                readerBuffered = new BufferedReader(readerInputStream);\n\n                /* POTENTIAL FLAW: Read data using a listening tcp connection */\n                data = readerBuffered.readLine();\n            }\n            catch (IOException exceptIO)\n            {\n                IO.logger.log(Level.WARNING, \"Error with stream reading\", exceptIO);\n            }\n            finally\n            {\n                /* Close stream reading objects */\n                try\n                {\n                    if (readerBuffered != null)\n                    {\n                        readerBuffered.close();\n                    }\n                }\n                catch (IOException exceptIO)\n                {\n                    IO.logger.log(Level.WARNING, \"Error closing BufferedReader\", exceptIO);\n                }\n\n                try\n                {\n                    if (readerInputStream != null)\n                    {\n                        readerInputStream.close();\n                    }\n                }\n                catch (IOException exceptIO)\n                {\n                    IO.logger.log(Level.WARNING, \"Error closing InputStreamReader\", exceptIO);\n                }\n\n                /* Close socket objects */\n                try\n                {\n                    if (socket != null)\n                    {\n                        socket.close();\n                    }\n                }\n                catch (IOException exceptIO)\n                {\n                    IO.logger.log(Level.WARNING, \"Error closing Socket\", exceptIO);\n                }\n\n                try\n                {\n                    if (listener != null)\n                    {\n                        listener.close();\n                    }\n                }\n                catch (IOException exceptIO)\n                {\n                    IO.logger.log(Level.WARNING, \"Error closing ServerSocket\", exceptIO);\n                }\n            }\n        }\n\n        (new CWE23_Relative_Path_Traversal__listen_tcp_54b()).badSink(data );\n    }",
        "label": 1,
        "graph": "",
        "buggy_line": {
            "59": "data = readerBuffered.readLine();"
        },
        "cwe_id": "CWE-23"
    },
    "134462_CWE23_Relative_Path_Traversal__listen_tcp_54a_good_122_125": {
        "filename": "134462_CWE23_Relative_Path_Traversal__listen_tcp_54a",
        "function_name": "good",
        "code": "public void good() throws Throwable\n    {\n        goodG2B();\n    }",
        "label": 0,
        "graph": "",
        "buggy_line": {},
        "cwe_id": []
    },
    "134462_CWE23_Relative_Path_Traversal__listen_tcp_54a_goodG2B_128_136": {
        "filename": "134462_CWE23_Relative_Path_Traversal__listen_tcp_54a",
        "function_name": "goodG2B",
        "code": "private void goodG2B() throws Throwable\n    {\n        String data;\n\n        /* FIX: Use a hardcoded string */\n        data = \"foo\";\n\n        (new CWE23_Relative_Path_Traversal__listen_tcp_54b()).goodG2BSink(data );\n    }",
        "label": 0,
        "graph": "",
        "buggy_line": {},
        "cwe_id": []
    },
    "134462_CWE23_Relative_Path_Traversal__listen_tcp_54a_main_143_147": {
        "filename": "134462_CWE23_Relative_Path_Traversal__listen_tcp_54a",
        "function_name": "main",
        "code": "public static void main(String[] args) throws ClassNotFoundException,\n           InstantiationException, IllegalAccessException\n    {\n        mainFromParent(args);\n    }",
        "label": 0,
        "graph": "",
        "buggy_line": {},
        "cwe_id": []
    }
}