{
    "134468_CWE23_Relative_Path_Traversal__listen_tcp_72a_bad_35_125": {
        "filename": "134468_CWE23_Relative_Path_Traversal__listen_tcp_72a",
        "function_name": "bad",
        "code": "public void bad() throws Throwable\n    {\n        String data;\n\n        data = \"\"; /* Initialize data */\n\n        /* Read data using a listening tcp connection */\n        {\n            ServerSocket listener = null;\n            Socket socket = null;\n            BufferedReader readerBuffered = null;\n            InputStreamReader readerInputStream = null;\n\n            /* Read data using a listening tcp connection */\n            try\n            {\n                listener = new ServerSocket(39543);\n                socket = listener.accept();\n\n                /* read input from socket */\n\n                readerInputStream = new InputStreamReader(socket.getInputStream(), \"UTF-8\");\n                readerBuffered = new BufferedReader(readerInputStream);\n\n                /* POTENTIAL FLAW: Read data using a listening tcp connection */\n                data = readerBuffered.readLine();\n            }\n            catch (IOException exceptIO)\n            {\n                IO.logger.log(Level.WARNING, \"Error with stream reading\", exceptIO);\n            }\n            finally\n            {\n                /* Close stream reading objects */\n                try\n                {\n                    if (readerBuffered != null)\n                    {\n                        readerBuffered.close();\n                    }\n                }\n                catch (IOException exceptIO)\n                {\n                    IO.logger.log(Level.WARNING, \"Error closing BufferedReader\", exceptIO);\n                }\n\n                try\n                {\n                    if (readerInputStream != null)\n                    {\n                        readerInputStream.close();\n                    }\n                }\n                catch (IOException exceptIO)\n                {\n                    IO.logger.log(Level.WARNING, \"Error closing InputStreamReader\", exceptIO);\n                }\n\n                /* Close socket objects */\n                try\n                {\n                    if (socket != null)\n                    {\n                        socket.close();\n                    }\n                }\n                catch (IOException exceptIO)\n                {\n                    IO.logger.log(Level.WARNING, \"Error closing Socket\", exceptIO);\n                }\n\n                try\n                {\n                    if (listener != null)\n                    {\n                        listener.close();\n                    }\n                }\n                catch (IOException exceptIO)\n                {\n                    IO.logger.log(Level.WARNING, \"Error closing ServerSocket\", exceptIO);\n                }\n            }\n        }\n\n        Vector<String> dataVector = new Vector<String>(5);\n        dataVector.add(0, data);\n        dataVector.add(1, data);\n        dataVector.add(2, data);\n        (new CWE23_Relative_Path_Traversal__listen_tcp_72b()).badSink(dataVector  );\n    }",
        "label": 1,
        "graph": "",
        "buggy_line": {
            "60": "data = readerBuffered.readLine();"
        },
        "cwe_id": "CWE-23"
    },
    "134468_CWE23_Relative_Path_Traversal__listen_tcp_72a_good_127_130": {
        "filename": "134468_CWE23_Relative_Path_Traversal__listen_tcp_72a",
        "function_name": "good",
        "code": "public void good() throws Throwable\n    {\n        goodG2B();\n    }",
        "label": 0,
        "graph": "",
        "buggy_line": {},
        "cwe_id": []
    },
    "134468_CWE23_Relative_Path_Traversal__listen_tcp_72a_goodG2B_133_145": {
        "filename": "134468_CWE23_Relative_Path_Traversal__listen_tcp_72a",
        "function_name": "goodG2B",
        "code": "private void goodG2B() throws Throwable\n    {\n        String data;\n\n        /* FIX: Use a hardcoded string */\n        data = \"foo\";\n\n        Vector<String> dataVector = new Vector<String>(5);\n        dataVector.add(0, data);\n        dataVector.add(1, data);\n        dataVector.add(2, data);\n        (new CWE23_Relative_Path_Traversal__listen_tcp_72b()).goodG2BSink(dataVector  );\n    }",
        "label": 0,
        "graph": "",
        "buggy_line": {},
        "cwe_id": []
    },
    "134468_CWE23_Relative_Path_Traversal__listen_tcp_72a_main_152_156": {
        "filename": "134468_CWE23_Relative_Path_Traversal__listen_tcp_72a",
        "function_name": "main",
        "code": "public static void main(String[] args) throws ClassNotFoundException,\n           InstantiationException, IllegalAccessException\n    {\n        mainFromParent(args);\n    }",
        "label": 0,
        "graph": "",
        "buggy_line": {},
        "cwe_id": []
    }
}