{
    "140881_CWE566_Authorization_Bypass_Through_SQL_Primary__Servlet_02_bad_29_110": {
        "filename": "140881_CWE566_Authorization_Bypass_Through_SQL_Primary__Servlet_02",
        "function_name": "bad",
        "code": "public void bad(HttpServletRequest request, HttpServletResponse response) throws Throwable\n    {\n        String data;\n        if (true)\n        {\n            /* FLAW: Get the user ID from a URL parameter */\n            data = request.getParameter(\"id\");\n        }\n        else\n        {\n            /* INCIDENTAL: CWE 561 Dead Code, the code below will never run\n             * but ensure data is inititialized before the Sink to avoid compiler errors */\n            data = null;\n        }\n\n        Connection dBConnection = IO.getDBConnection();\n        PreparedStatement preparedStatement = null;\n        ResultSet resultSet = null;\n        int id = 0;\n        try\n        {\n            id = Integer.parseInt(data);\n        }\n        catch ( NumberFormatException nfx )\n        {\n            id = -1; /* Assuming this id does not exist */\n        }\n\n        try\n        {\n            preparedStatement = dBConnection.prepareStatement(\"select * from invoices where uid=?\");\n            preparedStatement.setInt(1, id);\n\n            resultSet = preparedStatement.executeQuery();\n\n            /* POTENTIAL FLAW: no check to see whether the user has privileges to view the data */\n            IO.writeString(\"bad() - result requested: \" + data +\"\\n\");\n        }\n        catch (SQLException exceptSql)\n        {\n            IO.logger.log(Level.WARNING, \"Error executing query\", exceptSql);\n        }\n        finally\n        {\n            try\n            {\n                if (resultSet != null)\n                {\n                    resultSet.close();\n                }\n            }\n            catch (SQLException exceptSql)\n            {\n                IO.logger.log(Level.WARNING, \"Could not close ResultSet\", exceptSql);\n            }\n\n            try\n            {\n                if (preparedStatement != null)\n                {\n                    preparedStatement.close();\n                }\n            }\n            catch (SQLException exceptSql)\n            {\n                IO.logger.log(Level.WARNING, \"Could not close PreparedStatement\", exceptSql);\n            }\n\n            try\n            {\n                if (dBConnection != null)\n                {\n                    dBConnection.close();\n                }\n            }\n            catch (SQLException exceptSql)\n            {\n                IO.logger.log(Level.WARNING, \"Could not close Connection\", exceptSql);\n            }\n        }\n\n    }",
        "label": 1,
        "graph": "",
        "buggy_line": {
            "35": "data = request.getParameter(\"id\");",
            "65": "IO.writeString(\"bad() - result requested: \" + data +\"\\n\");"
        },
        "cwe_id": "CWE-566"
    },
    "140881_CWE566_Authorization_Bypass_Through_SQL_Primary__Servlet_02_goodG2B1_113_196": {
        "filename": "140881_CWE566_Authorization_Bypass_Through_SQL_Primary__Servlet_02",
        "function_name": "goodG2B1",
        "code": "private void goodG2B1(HttpServletRequest request, HttpServletResponse response) throws Throwable\n    {\n        String data;\n        if (false)\n        {\n            /* INCIDENTAL: CWE 561 Dead Code, the code below will never run\n             * but ensure data is inititialized before the Sink to avoid compiler errors */\n            data = null;\n        }\n        else\n        {\n\n            /* FIX: Use a hardcoded user ID */\n            data = \"10\";\n\n        }\n\n        Connection dBConnection = IO.getDBConnection();\n        PreparedStatement preparedStatement = null;\n        ResultSet resultSet = null;\n        int id = 0;\n        try\n        {\n            id = Integer.parseInt(data);\n        }\n        catch ( NumberFormatException nfx )\n        {\n            id = -1; /* Assuming this id does not exist */\n        }\n\n        try\n        {\n            preparedStatement = dBConnection.prepareStatement(\"select * from invoices where uid=?\");\n            preparedStatement.setInt(1, id);\n\n            resultSet = preparedStatement.executeQuery();\n\n            /* POTENTIAL FLAW: no check to see whether the user has privileges to view the data */\n            IO.writeString(\"bad() - result requested: \" + data +\"\\n\");\n        }\n        catch (SQLException exceptSql)\n        {\n            IO.logger.log(Level.WARNING, \"Error executing query\", exceptSql);\n        }\n        finally\n        {\n            try\n            {\n                if (resultSet != null)\n                {\n                    resultSet.close();\n                }\n            }\n            catch (SQLException exceptSql)\n            {\n                IO.logger.log(Level.WARNING, \"Could not close ResultSet\", exceptSql);\n            }\n\n            try\n            {\n                if (preparedStatement != null)\n                {\n                    preparedStatement.close();\n                }\n            }\n            catch (SQLException exceptSql)\n            {\n                IO.logger.log(Level.WARNING, \"Could not close PreparedStatement\", exceptSql);\n            }\n\n            try\n            {\n                if (dBConnection != null)\n                {\n                    dBConnection.close();\n                }\n            }\n            catch (SQLException exceptSql)\n            {\n                IO.logger.log(Level.WARNING, \"Could not close Connection\", exceptSql);\n            }\n        }\n\n    }",
        "label": 0,
        "graph": "",
        "buggy_line": {},
        "cwe_id": []
    },
    "140881_CWE566_Authorization_Bypass_Through_SQL_Primary__Servlet_02_goodG2B2_199_280": {
        "filename": "140881_CWE566_Authorization_Bypass_Through_SQL_Primary__Servlet_02",
        "function_name": "goodG2B2",
        "code": "private void goodG2B2(HttpServletRequest request, HttpServletResponse response) throws Throwable\n    {\n        String data;\n        if (true)\n        {\n            /* FIX: Use a hardcoded user ID */\n            data = \"10\";\n        }\n        else\n        {\n            /* INCIDENTAL: CWE 561 Dead Code, the code below will never run\n             * but ensure data is inititialized before the Sink to avoid compiler errors */\n            data = null;\n        }\n\n        Connection dBConnection = IO.getDBConnection();\n        PreparedStatement preparedStatement = null;\n        ResultSet resultSet = null;\n        int id = 0;\n        try\n        {\n            id = Integer.parseInt(data);\n        }\n        catch ( NumberFormatException nfx )\n        {\n            id = -1; /* Assuming this id does not exist */\n        }\n\n        try\n        {\n            preparedStatement = dBConnection.prepareStatement(\"select * from invoices where uid=?\");\n            preparedStatement.setInt(1, id);\n\n            resultSet = preparedStatement.executeQuery();\n\n            /* POTENTIAL FLAW: no check to see whether the user has privileges to view the data */\n            IO.writeString(\"bad() - result requested: \" + data +\"\\n\");\n        }\n        catch (SQLException exceptSql)\n        {\n            IO.logger.log(Level.WARNING, \"Error executing query\", exceptSql);\n        }\n        finally\n        {\n            try\n            {\n                if (resultSet != null)\n                {\n                    resultSet.close();\n                }\n            }\n            catch (SQLException exceptSql)\n            {\n                IO.logger.log(Level.WARNING, \"Could not close ResultSet\", exceptSql);\n            }\n\n            try\n            {\n                if (preparedStatement != null)\n                {\n                    preparedStatement.close();\n                }\n            }\n            catch (SQLException exceptSql)\n            {\n                IO.logger.log(Level.WARNING, \"Could not close PreparedStatement\", exceptSql);\n            }\n\n            try\n            {\n                if (dBConnection != null)\n                {\n                    dBConnection.close();\n                }\n            }\n            catch (SQLException exceptSql)\n            {\n                IO.logger.log(Level.WARNING, \"Could not close Connection\", exceptSql);\n            }\n        }\n\n    }",
        "label": 0,
        "graph": "",
        "buggy_line": {},
        "cwe_id": []
    },
    "140881_CWE566_Authorization_Bypass_Through_SQL_Primary__Servlet_02_good_282_286": {
        "filename": "140881_CWE566_Authorization_Bypass_Through_SQL_Primary__Servlet_02",
        "function_name": "good",
        "code": "public void good(HttpServletRequest request, HttpServletResponse response) throws Throwable\n    {\n        goodG2B1(request, response);\n        goodG2B2(request, response);\n    }",
        "label": 0,
        "graph": "",
        "buggy_line": {},
        "cwe_id": []
    },
    "140881_CWE566_Authorization_Bypass_Through_SQL_Primary__Servlet_02_main_293_297": {
        "filename": "140881_CWE566_Authorization_Bypass_Through_SQL_Primary__Servlet_02",
        "function_name": "main",
        "code": "public static void main(String[] args) throws ClassNotFoundException,\n           InstantiationException, IllegalAccessException\n    {\n        mainFromParent(args);\n    }",
        "label": 0,
        "graph": "",
        "buggy_line": {},
        "cwe_id": []
    }
}