{
    "140896_CWE566_Authorization_Bypass_Through_SQL_Primary__Servlet_17_bad_29_101": {
        "filename": "140896_CWE566_Authorization_Bypass_Through_SQL_Primary__Servlet_17",
        "function_name": "bad",
        "code": "public void bad(HttpServletRequest request, HttpServletResponse response) throws Throwable\n    {\n        String data;\n\n        /* FLAW: Get the user ID from a URL parameter */\n        data = request.getParameter(\"id\");\n\n        for (int i = 0; i < 1; i++)\n        {\n            Connection dBConnection = IO.getDBConnection();\n            PreparedStatement preparedStatement = null;\n            ResultSet resultSet = null;\n            int id = 0;\n            try\n            {\n                id = Integer.parseInt(data);\n            }\n            catch ( NumberFormatException nfx )\n            {\n                id = -1; /* Assuming this id does not exist */\n            }\n            try\n            {\n                preparedStatement = dBConnection.prepareStatement(\"select * from invoices where uid=?\");\n                preparedStatement.setInt(1, id);\n                resultSet = preparedStatement.executeQuery();\n                /* POTENTIAL FLAW: no check to see whether the user has privileges to view the data */\n                IO.writeString(\"bad() - result requested: \" + data +\"\\n\");\n            }\n            catch (SQLException exceptSql)\n            {\n                IO.logger.log(Level.WARNING, \"Error executing query\", exceptSql);\n            }\n            finally\n            {\n                try\n                {\n                    if (resultSet != null)\n                    {\n                        resultSet.close();\n                    }\n                }\n                catch (SQLException exceptSql)\n                {\n                    IO.logger.log(Level.WARNING, \"Could not close ResultSet\", exceptSql);\n                }\n\n                try\n                {\n                    if (preparedStatement != null)\n                    {\n                        preparedStatement.close();\n                    }\n                }\n                catch (SQLException exceptSql)\n                {\n                    IO.logger.log(Level.WARNING, \"Could not close PreparedStatement\", exceptSql);\n                }\n\n                try\n                {\n                    if (dBConnection != null)\n                    {\n                        dBConnection.close();\n                    }\n                }\n                catch (SQLException exceptSql)\n                {\n                    IO.logger.log(Level.WARNING, \"Could not close Connection\", exceptSql);\n                }\n            }\n        }\n    }",
        "label": 1,
        "graph": "",
        "buggy_line": {
            "56": "IO.writeString(\"bad() - result requested: \" + data +\"\\n\");",
            "34": "data = request.getParameter(\"id\");"
        },
        "cwe_id": "CWE-566"
    },
    "140896_CWE566_Authorization_Bypass_Through_SQL_Primary__Servlet_17_goodG2B_105_177": {
        "filename": "140896_CWE566_Authorization_Bypass_Through_SQL_Primary__Servlet_17",
        "function_name": "goodG2B",
        "code": "private void goodG2B(HttpServletRequest request, HttpServletResponse response) throws Throwable\n    {\n        String data;\n\n        /* FIX: Use a hardcoded user ID */\n        data = \"10\";\n\n        for (int i = 0; i < 1; i++)\n        {\n            Connection dBConnection = IO.getDBConnection();\n            PreparedStatement preparedStatement = null;\n            ResultSet resultSet = null;\n            int id = 0;\n            try\n            {\n                id = Integer.parseInt(data);\n            }\n            catch ( NumberFormatException nfx )\n            {\n                id = -1; /* Assuming this id does not exist */\n            }\n            try\n            {\n                preparedStatement = dBConnection.prepareStatement(\"select * from invoices where uid=?\");\n                preparedStatement.setInt(1, id);\n                resultSet = preparedStatement.executeQuery();\n                /* POTENTIAL FLAW: no check to see whether the user has privileges to view the data */\n                IO.writeString(\"bad() - result requested: \" + data +\"\\n\");\n            }\n            catch (SQLException exceptSql)\n            {\n                IO.logger.log(Level.WARNING, \"Error executing query\", exceptSql);\n            }\n            finally\n            {\n                try\n                {\n                    if (resultSet != null)\n                    {\n                        resultSet.close();\n                    }\n                }\n                catch (SQLException exceptSql)\n                {\n                    IO.logger.log(Level.WARNING, \"Could not close ResultSet\", exceptSql);\n                }\n\n                try\n                {\n                    if (preparedStatement != null)\n                    {\n                        preparedStatement.close();\n                    }\n                }\n                catch (SQLException exceptSql)\n                {\n                    IO.logger.log(Level.WARNING, \"Could not close PreparedStatement\", exceptSql);\n                }\n\n                try\n                {\n                    if (dBConnection != null)\n                    {\n                        dBConnection.close();\n                    }\n                }\n                catch (SQLException exceptSql)\n                {\n                    IO.logger.log(Level.WARNING, \"Could not close Connection\", exceptSql);\n                }\n            }\n        }\n    }",
        "label": 0,
        "graph": "",
        "buggy_line": {},
        "cwe_id": []
    },
    "140896_CWE566_Authorization_Bypass_Through_SQL_Primary__Servlet_17_good_179_182": {
        "filename": "140896_CWE566_Authorization_Bypass_Through_SQL_Primary__Servlet_17",
        "function_name": "good",
        "code": "public void good(HttpServletRequest request, HttpServletResponse response) throws Throwable\n    {\n        goodG2B(request, response);\n    }",
        "label": 0,
        "graph": "",
        "buggy_line": {},
        "cwe_id": []
    },
    "140896_CWE566_Authorization_Bypass_Through_SQL_Primary__Servlet_17_main_189_193": {
        "filename": "140896_CWE566_Authorization_Bypass_Through_SQL_Primary__Servlet_17",
        "function_name": "main",
        "code": "public static void main(String[] args) throws ClassNotFoundException,\n           InstantiationException, IllegalAccessException\n    {\n        mainFromParent(args);\n    }",
        "label": 0,
        "graph": "",
        "buggy_line": {},
        "cwe_id": []
    }
}