{
    "140914_CWE566_Authorization_Bypass_Through_SQL_Primary__Servlet_74a_bad_26_38": {
        "filename": "140914_CWE566_Authorization_Bypass_Through_SQL_Primary__Servlet_74a",
        "function_name": "bad",
        "code": "public void bad(HttpServletRequest request, HttpServletResponse response) throws Throwable\n    {\n        String data;\n\n        /* FLAW: Get the user ID from a URL parameter */\n        data = request.getParameter(\"id\");\n\n        HashMap<Integer,String> dataHashMap = new HashMap<Integer,String>();\n        dataHashMap.put(0, data);\n        dataHashMap.put(1, data);\n        dataHashMap.put(2, data);\n        (new CWE566_Authorization_Bypass_Through_SQL_Primary__Servlet_74b()).badSink(dataHashMap , request, response );\n    }",
        "label": 1,
        "graph": "",
        "buggy_line": {
            "31": "data = request.getParameter(\"id\");"
        },
        "cwe_id": "CWE-566"
    },
    "140914_CWE566_Authorization_Bypass_Through_SQL_Primary__Servlet_74a_good_40_43": {
        "filename": "140914_CWE566_Authorization_Bypass_Through_SQL_Primary__Servlet_74a",
        "function_name": "good",
        "code": "public void good(HttpServletRequest request, HttpServletResponse response) throws Throwable\n    {\n        goodG2B(request, response);\n    }",
        "label": 0,
        "graph": "",
        "buggy_line": {},
        "cwe_id": []
    },
    "140914_CWE566_Authorization_Bypass_Through_SQL_Primary__Servlet_74a_goodG2B_46_58": {
        "filename": "140914_CWE566_Authorization_Bypass_Through_SQL_Primary__Servlet_74a",
        "function_name": "goodG2B",
        "code": "private void goodG2B(HttpServletRequest request, HttpServletResponse response) throws Throwable\n    {\n        String data;\n\n        /* FIX: Use a hardcoded user ID */\n        data = \"10\";\n\n        HashMap<Integer,String> dataHashMap = new HashMap<Integer,String>();\n        dataHashMap.put(0, data);\n        dataHashMap.put(1, data);\n        dataHashMap.put(2, data);\n        (new CWE566_Authorization_Bypass_Through_SQL_Primary__Servlet_74b()).goodG2BSink(dataHashMap , request, response );\n    }",
        "label": 0,
        "graph": "",
        "buggy_line": {},
        "cwe_id": []
    },
    "140914_CWE566_Authorization_Bypass_Through_SQL_Primary__Servlet_74a_main_65_69": {
        "filename": "140914_CWE566_Authorization_Bypass_Through_SQL_Primary__Servlet_74a",
        "function_name": "main",
        "code": "public static void main(String[] args) throws ClassNotFoundException,\n           InstantiationException, IllegalAccessException\n    {\n        mainFromParent(args);\n    }",
        "label": 0,
        "graph": "",
        "buggy_line": {},
        "cwe_id": []
    }
}