{
    "140903_CWE566_Authorization_Bypass_Through_SQL_Primary__Servlet_51a_bad_24_32": {
        "filename": "140903_CWE566_Authorization_Bypass_Through_SQL_Primary__Servlet_51a",
        "function_name": "bad",
        "code": "public void bad(HttpServletRequest request, HttpServletResponse response) throws Throwable\n    {\n        String data;\n\n        /* FLAW: Get the user ID from a URL parameter */\n        data = request.getParameter(\"id\");\n\n        (new CWE566_Authorization_Bypass_Through_SQL_Primary__Servlet_51b()).badSink(data , request, response );\n    }",
        "label": 1,
        "graph": "",
        "buggy_line": {
            "29": "data = request.getParameter(\"id\");"
        },
        "cwe_id": "CWE-566"
    },
    "140903_CWE566_Authorization_Bypass_Through_SQL_Primary__Servlet_51a_good_34_37": {
        "filename": "140903_CWE566_Authorization_Bypass_Through_SQL_Primary__Servlet_51a",
        "function_name": "good",
        "code": "public void good(HttpServletRequest request, HttpServletResponse response) throws Throwable\n    {\n        goodG2B(request, response);\n    }",
        "label": 0,
        "graph": "",
        "buggy_line": {},
        "cwe_id": []
    },
    "140903_CWE566_Authorization_Bypass_Through_SQL_Primary__Servlet_51a_goodG2B_40_48": {
        "filename": "140903_CWE566_Authorization_Bypass_Through_SQL_Primary__Servlet_51a",
        "function_name": "goodG2B",
        "code": "private void goodG2B(HttpServletRequest request, HttpServletResponse response) throws Throwable\n    {\n        String data;\n\n        /* FIX: Use a hardcoded user ID */\n        data = \"10\";\n\n        (new CWE566_Authorization_Bypass_Through_SQL_Primary__Servlet_51b()).goodG2BSink(data , request, response );\n    }",
        "label": 0,
        "graph": "",
        "buggy_line": {},
        "cwe_id": []
    },
    "140903_CWE566_Authorization_Bypass_Through_SQL_Primary__Servlet_51a_main_55_59": {
        "filename": "140903_CWE566_Authorization_Bypass_Through_SQL_Primary__Servlet_51a",
        "function_name": "main",
        "code": "public static void main(String[] args) throws ClassNotFoundException,\n           InstantiationException, IllegalAccessException\n    {\n        mainFromParent(args);\n    }",
        "label": 0,
        "graph": "",
        "buggy_line": {},
        "cwe_id": []
    }
}