{
    "140908_CWE566_Authorization_Bypass_Through_SQL_Primary__Servlet_66a_bad_25_35": {
        "filename": "140908_CWE566_Authorization_Bypass_Through_SQL_Primary__Servlet_66a",
        "function_name": "bad",
        "code": "public void bad(HttpServletRequest request, HttpServletResponse response) throws Throwable\n    {\n        String data;\n\n        /* FLAW: Get the user ID from a URL parameter */\n        data = request.getParameter(\"id\");\n\n        String[] dataArray = new String[5];\n        dataArray[2] = data;\n        (new CWE566_Authorization_Bypass_Through_SQL_Primary__Servlet_66b()).badSink(dataArray , request, response );\n    }",
        "label": 1,
        "graph": "",
        "buggy_line": {
            "30": "data = request.getParameter(\"id\");"
        },
        "cwe_id": "CWE-566"
    },
    "140908_CWE566_Authorization_Bypass_Through_SQL_Primary__Servlet_66a_good_37_40": {
        "filename": "140908_CWE566_Authorization_Bypass_Through_SQL_Primary__Servlet_66a",
        "function_name": "good",
        "code": "public void good(HttpServletRequest request, HttpServletResponse response) throws Throwable\n    {\n        goodG2B(request, response);\n    }",
        "label": 0,
        "graph": "",
        "buggy_line": {},
        "cwe_id": []
    },
    "140908_CWE566_Authorization_Bypass_Through_SQL_Primary__Servlet_66a_goodG2B_43_53": {
        "filename": "140908_CWE566_Authorization_Bypass_Through_SQL_Primary__Servlet_66a",
        "function_name": "goodG2B",
        "code": "private void goodG2B(HttpServletRequest request, HttpServletResponse response) throws Throwable\n    {\n        String data;\n\n        /* FIX: Use a hardcoded user ID */\n        data = \"10\";\n\n        String[] dataArray = new String[5];\n        dataArray[2] = data;\n        (new CWE566_Authorization_Bypass_Through_SQL_Primary__Servlet_66b()).goodG2BSink(dataArray , request, response );\n    }",
        "label": 0,
        "graph": "",
        "buggy_line": {},
        "cwe_id": []
    },
    "140908_CWE566_Authorization_Bypass_Through_SQL_Primary__Servlet_66a_main_60_64": {
        "filename": "140908_CWE566_Authorization_Bypass_Through_SQL_Primary__Servlet_66a",
        "function_name": "main",
        "code": "public static void main(String[] args) throws ClassNotFoundException,\n           InstantiationException, IllegalAccessException\n    {\n        mainFromParent(args);\n    }",
        "label": 0,
        "graph": "",
        "buggy_line": {},
        "cwe_id": []
    }
}