{
    "140909_CWE566_Authorization_Bypass_Through_SQL_Primary__Servlet_67a_bad_30_40": {
        "filename": "140909_CWE566_Authorization_Bypass_Through_SQL_Primary__Servlet_67a",
        "function_name": "bad",
        "code": "public void bad(HttpServletRequest request, HttpServletResponse response) throws Throwable\n    {\n        String data;\n\n        /* FLAW: Get the user ID from a URL parameter */\n        data = request.getParameter(\"id\");\n\n        Container dataContainer = new Container();\n        dataContainer.containerOne = data;\n        (new CWE566_Authorization_Bypass_Through_SQL_Primary__Servlet_67b()).badSink(dataContainer , request, response );\n    }",
        "label": 1,
        "graph": "",
        "buggy_line": {
            "35": "data = request.getParameter(\"id\");"
        },
        "cwe_id": "CWE-566"
    },
    "140909_CWE566_Authorization_Bypass_Through_SQL_Primary__Servlet_67a_good_42_45": {
        "filename": "140909_CWE566_Authorization_Bypass_Through_SQL_Primary__Servlet_67a",
        "function_name": "good",
        "code": "public void good(HttpServletRequest request, HttpServletResponse response) throws Throwable\n    {\n        goodG2B(request, response);\n    }",
        "label": 0,
        "graph": "",
        "buggy_line": {},
        "cwe_id": []
    },
    "140909_CWE566_Authorization_Bypass_Through_SQL_Primary__Servlet_67a_goodG2B_48_58": {
        "filename": "140909_CWE566_Authorization_Bypass_Through_SQL_Primary__Servlet_67a",
        "function_name": "goodG2B",
        "code": "private void goodG2B(HttpServletRequest request, HttpServletResponse response) throws Throwable\n    {\n        String data;\n\n        /* FIX: Use a hardcoded user ID */\n        data = \"10\";\n\n        Container dataContainer = new Container();\n        dataContainer.containerOne = data;\n        (new CWE566_Authorization_Bypass_Through_SQL_Primary__Servlet_67b()).goodG2BSink(dataContainer , request, response );\n    }",
        "label": 0,
        "graph": "",
        "buggy_line": {},
        "cwe_id": []
    },
    "140909_CWE566_Authorization_Bypass_Through_SQL_Primary__Servlet_67a_main_65_69": {
        "filename": "140909_CWE566_Authorization_Bypass_Through_SQL_Primary__Servlet_67a",
        "function_name": "main",
        "code": "public static void main(String[] args) throws ClassNotFoundException,\n           InstantiationException, IllegalAccessException\n    {\n        mainFromParent(args);\n    }",
        "label": 0,
        "graph": "",
        "buggy_line": {},
        "cwe_id": []
    }
}