{
    "140907_CWE566_Authorization_Bypass_Through_SQL_Primary__Servlet_61a_bad_29_99": {
        "filename": "140907_CWE566_Authorization_Bypass_Through_SQL_Primary__Servlet_61a",
        "function_name": "bad",
        "code": "public void bad(HttpServletRequest request, HttpServletResponse response) throws Throwable\n    {\n        String data = (new CWE566_Authorization_Bypass_Through_SQL_Primary__Servlet_61b()).badSource(request, response);\n\n        Connection dBConnection = IO.getDBConnection();\n        PreparedStatement preparedStatement = null;\n        ResultSet resultSet = null;\n        int id = 0;\n        try\n        {\n            id = Integer.parseInt(data);\n        }\n        catch ( NumberFormatException nfx )\n        {\n            id = -1; /* Assuming this id does not exist */\n        }\n\n        try\n        {\n            preparedStatement = dBConnection.prepareStatement(\"select * from invoices where uid=?\");\n            preparedStatement.setInt(1, id);\n\n            resultSet = preparedStatement.executeQuery();\n\n            /* POTENTIAL FLAW: no check to see whether the user has privileges to view the data */\n            IO.writeString(\"bad() - result requested: \" + data +\"\\n\");\n        }\n        catch (SQLException exceptSql)\n        {\n            IO.logger.log(Level.WARNING, \"Error executing query\", exceptSql);\n        }\n        finally\n        {\n            try\n            {\n                if (resultSet != null)\n                {\n                    resultSet.close();\n                }\n            }\n            catch (SQLException exceptSql)\n            {\n                IO.logger.log(Level.WARNING, \"Could not close ResultSet\", exceptSql);\n            }\n\n            try\n            {\n                if (preparedStatement != null)\n                {\n                    preparedStatement.close();\n                }\n            }\n            catch (SQLException exceptSql)\n            {\n                IO.logger.log(Level.WARNING, \"Could not close PreparedStatement\", exceptSql);\n            }\n\n            try\n            {\n                if (dBConnection != null)\n                {\n                    dBConnection.close();\n                }\n            }\n            catch (SQLException exceptSql)\n            {\n                IO.logger.log(Level.WARNING, \"Could not close Connection\", exceptSql);\n            }\n        }\n\n    }",
        "label": 1,
        "graph": "",
        "buggy_line": {
            "54": "IO.writeString(\"bad() - result requested: \" + data +\"\\n\");"
        },
        "cwe_id": "CWE-566"
    },
    "140907_CWE566_Authorization_Bypass_Through_SQL_Primary__Servlet_61a_good_101_104": {
        "filename": "140907_CWE566_Authorization_Bypass_Through_SQL_Primary__Servlet_61a",
        "function_name": "good",
        "code": "public void good(HttpServletRequest request, HttpServletResponse response) throws Throwable\n    {\n        goodG2B(request, response);\n    }",
        "label": 0,
        "graph": "",
        "buggy_line": {},
        "cwe_id": []
    },
    "140907_CWE566_Authorization_Bypass_Through_SQL_Primary__Servlet_61a_goodG2B_107_177": {
        "filename": "140907_CWE566_Authorization_Bypass_Through_SQL_Primary__Servlet_61a",
        "function_name": "goodG2B",
        "code": "private void goodG2B(HttpServletRequest request, HttpServletResponse response) throws Throwable\n    {\n        String data = (new CWE566_Authorization_Bypass_Through_SQL_Primary__Servlet_61b()).goodG2BSource(request, response);\n\n        Connection dBConnection = IO.getDBConnection();\n        PreparedStatement preparedStatement = null;\n        ResultSet resultSet = null;\n        int id = 0;\n        try\n        {\n            id = Integer.parseInt(data);\n        }\n        catch ( NumberFormatException nfx )\n        {\n            id = -1; /* Assuming this id does not exist */\n        }\n\n        try\n        {\n            preparedStatement = dBConnection.prepareStatement(\"select * from invoices where uid=?\");\n            preparedStatement.setInt(1, id);\n\n            resultSet = preparedStatement.executeQuery();\n\n            /* POTENTIAL FLAW: no check to see whether the user has privileges to view the data */\n            IO.writeString(\"bad() - result requested: \" + data +\"\\n\");\n        }\n        catch (SQLException exceptSql)\n        {\n            IO.logger.log(Level.WARNING, \"Error executing query\", exceptSql);\n        }\n        finally\n        {\n            try\n            {\n                if (resultSet != null)\n                {\n                    resultSet.close();\n                }\n            }\n            catch (SQLException exceptSql)\n            {\n                IO.logger.log(Level.WARNING, \"Could not close ResultSet\", exceptSql);\n            }\n\n            try\n            {\n                if (preparedStatement != null)\n                {\n                    preparedStatement.close();\n                }\n            }\n            catch (SQLException exceptSql)\n            {\n                IO.logger.log(Level.WARNING, \"Could not close PreparedStatement\", exceptSql);\n            }\n\n            try\n            {\n                if (dBConnection != null)\n                {\n                    dBConnection.close();\n                }\n            }\n            catch (SQLException exceptSql)\n            {\n                IO.logger.log(Level.WARNING, \"Could not close Connection\", exceptSql);\n            }\n        }\n\n    }",
        "label": 0,
        "graph": "",
        "buggy_line": {},
        "cwe_id": []
    },
    "140907_CWE566_Authorization_Bypass_Through_SQL_Primary__Servlet_61a_main_184_188": {
        "filename": "140907_CWE566_Authorization_Bypass_Through_SQL_Primary__Servlet_61a",
        "function_name": "main",
        "code": "public static void main(String[] args) throws ClassNotFoundException,\n           InstantiationException, IllegalAccessException\n    {\n        mainFromParent(args);\n    }",
        "label": 0,
        "graph": "",
        "buggy_line": {},
        "cwe_id": []
    }
}