{
    "140910_CWE566_Authorization_Bypass_Through_SQL_Primary__Servlet_68a_bad_26_33": {
        "filename": "140910_CWE566_Authorization_Bypass_Through_SQL_Primary__Servlet_68a",
        "function_name": "bad",
        "code": "public void bad(HttpServletRequest request, HttpServletResponse response) throws Throwable\n    {\n\n        /* FLAW: Get the user ID from a URL parameter */\n        data = request.getParameter(\"id\");\n\n        (new CWE566_Authorization_Bypass_Through_SQL_Primary__Servlet_68b()).badSink(request, response);\n    }",
        "label": 1,
        "graph": "",
        "buggy_line": {
            "30": "data = request.getParameter(\"id\");"
        },
        "cwe_id": "CWE-566"
    },
    "140910_CWE566_Authorization_Bypass_Through_SQL_Primary__Servlet_68a_good_35_38": {
        "filename": "140910_CWE566_Authorization_Bypass_Through_SQL_Primary__Servlet_68a",
        "function_name": "good",
        "code": "public void good(HttpServletRequest request, HttpServletResponse response) throws Throwable\n    {\n        goodG2B(request, response);\n    }",
        "label": 0,
        "graph": "",
        "buggy_line": {},
        "cwe_id": []
    },
    "140910_CWE566_Authorization_Bypass_Through_SQL_Primary__Servlet_68a_goodG2B_41_48": {
        "filename": "140910_CWE566_Authorization_Bypass_Through_SQL_Primary__Servlet_68a",
        "function_name": "goodG2B",
        "code": "private void goodG2B(HttpServletRequest request, HttpServletResponse response) throws Throwable\n    {\n\n        /* FIX: Use a hardcoded user ID */\n        data = \"10\";\n\n        (new CWE566_Authorization_Bypass_Through_SQL_Primary__Servlet_68b()).goodG2BSink(request, response);\n    }",
        "label": 0,
        "graph": "",
        "buggy_line": {},
        "cwe_id": []
    },
    "140910_CWE566_Authorization_Bypass_Through_SQL_Primary__Servlet_68a_main_55_59": {
        "filename": "140910_CWE566_Authorization_Bypass_Through_SQL_Primary__Servlet_68a",
        "function_name": "main",
        "code": "public static void main(String[] args) throws ClassNotFoundException,\n           InstantiationException, IllegalAccessException\n    {\n        mainFromParent(args);\n    }",
        "label": 0,
        "graph": "",
        "buggy_line": {},
        "cwe_id": []
    }
}