{
    "140915_CWE566_Authorization_Bypass_Through_SQL_Primary__Servlet_75a_bad_30_80": {
        "filename": "140915_CWE566_Authorization_Bypass_Through_SQL_Primary__Servlet_75a",
        "function_name": "bad",
        "code": "public void bad(HttpServletRequest request, HttpServletResponse response) throws Throwable\n    {\n        String data;\n\n        /* FLAW: Get the user ID from a URL parameter */\n        data = request.getParameter(\"id\");\n\n        /* serialize data to a byte array */\n        ByteArrayOutputStream streamByteArrayOutput = null;\n        ObjectOutput outputObject = null;\n\n        try\n        {\n            streamByteArrayOutput = new ByteArrayOutputStream() ;\n            outputObject = new ObjectOutputStream(streamByteArrayOutput) ;\n            outputObject.writeObject(data);\n            byte[] dataSerialized = streamByteArrayOutput.toByteArray();\n            (new CWE566_Authorization_Bypass_Through_SQL_Primary__Servlet_75b()).badSink(dataSerialized , request, response );\n        }\n        catch (IOException exceptIO)\n        {\n            IO.logger.log(Level.WARNING, \"IOException in serialization\", exceptIO);\n        }\n        finally\n        {\n            /* clean up stream writing objects */\n            try\n            {\n                if (outputObject != null)\n                {\n                    outputObject.close();\n                }\n            }\n            catch (IOException exceptIO)\n            {\n                IO.logger.log(Level.WARNING, \"Error closing ObjectOutputStream\", exceptIO);\n            }\n\n            try\n            {\n                if (streamByteArrayOutput != null)\n                {\n                    streamByteArrayOutput.close();\n                }\n            }\n            catch (IOException exceptIO)\n            {\n                IO.logger.log(Level.WARNING, \"Error closing ByteArrayOutputStream\", exceptIO);\n            }\n        }\n    }",
        "label": 1,
        "graph": "",
        "buggy_line": {
            "35": "data = request.getParameter(\"id\");"
        },
        "cwe_id": "CWE-566"
    },
    "140915_CWE566_Authorization_Bypass_Through_SQL_Primary__Servlet_75a_good_82_85": {
        "filename": "140915_CWE566_Authorization_Bypass_Through_SQL_Primary__Servlet_75a",
        "function_name": "good",
        "code": "public void good(HttpServletRequest request, HttpServletResponse response) throws Throwable\n    {\n        goodG2B(request, response);\n    }",
        "label": 0,
        "graph": "",
        "buggy_line": {},
        "cwe_id": []
    },
    "140915_CWE566_Authorization_Bypass_Through_SQL_Primary__Servlet_75a_goodG2B_88_138": {
        "filename": "140915_CWE566_Authorization_Bypass_Through_SQL_Primary__Servlet_75a",
        "function_name": "goodG2B",
        "code": "private void goodG2B(HttpServletRequest request, HttpServletResponse response) throws Throwable\n    {\n        String data;\n\n        /* FIX: Use a hardcoded user ID */\n        data = \"10\";\n\n        /* serialize data to a byte array */\n        ByteArrayOutputStream streamByteArrayOutput = null;\n        ObjectOutput outputObject = null;\n\n        try\n        {\n            streamByteArrayOutput = new ByteArrayOutputStream() ;\n            outputObject = new ObjectOutputStream(streamByteArrayOutput) ;\n            outputObject.writeObject(data);\n            byte[] dataSerialized = streamByteArrayOutput.toByteArray();\n            (new CWE566_Authorization_Bypass_Through_SQL_Primary__Servlet_75b()).goodG2BSink(dataSerialized , request, response );\n        }\n        catch (IOException exceptIO)\n        {\n            IO.logger.log(Level.WARNING, \"IOException in serialization\", exceptIO);\n        }\n        finally\n        {\n            /* clean up stream writing objects */\n            try\n            {\n                if (outputObject != null)\n                {\n                    outputObject.close();\n                }\n            }\n            catch (IOException exceptIO)\n            {\n                IO.logger.log(Level.WARNING, \"Error closing ObjectOutputStream\", exceptIO);\n            }\n\n            try\n            {\n                if (streamByteArrayOutput != null)\n                {\n                    streamByteArrayOutput.close();\n                }\n            }\n            catch (IOException exceptIO)\n            {\n                IO.logger.log(Level.WARNING, \"Error closing ByteArrayOutputStream\", exceptIO);\n            }\n        }\n    }",
        "label": 0,
        "graph": "",
        "buggy_line": {},
        "cwe_id": []
    },
    "140915_CWE566_Authorization_Bypass_Through_SQL_Primary__Servlet_75a_main_145_149": {
        "filename": "140915_CWE566_Authorization_Bypass_Through_SQL_Primary__Servlet_75a",
        "function_name": "main",
        "code": "public static void main(String[] args) throws ClassNotFoundException,\n           InstantiationException, IllegalAccessException\n    {\n        mainFromParent(args);\n    }",
        "label": 0,
        "graph": "",
        "buggy_line": {},
        "cwe_id": []
    }
}