{
    "140906_CWE566_Authorization_Bypass_Through_SQL_Primary__Servlet_54a_bad_25_33": {
        "filename": "140906_CWE566_Authorization_Bypass_Through_SQL_Primary__Servlet_54a",
        "function_name": "bad",
        "code": "public void bad(HttpServletRequest request, HttpServletResponse response) throws Throwable\n    {\n        String data;\n\n        /* FLAW: Get the user ID from a URL parameter */\n        data = request.getParameter(\"id\");\n\n        (new CWE566_Authorization_Bypass_Through_SQL_Primary__Servlet_54b()).badSink(data , request, response);\n    }",
        "label": 1,
        "graph": "",
        "buggy_line": {
            "30": "data = request.getParameter(\"id\");"
        },
        "cwe_id": "CWE-566"
    },
    "140906_CWE566_Authorization_Bypass_Through_SQL_Primary__Servlet_54a_good_35_38": {
        "filename": "140906_CWE566_Authorization_Bypass_Through_SQL_Primary__Servlet_54a",
        "function_name": "good",
        "code": "public void good(HttpServletRequest request, HttpServletResponse response) throws Throwable\n    {\n        goodG2B(request, response);\n    }",
        "label": 0,
        "graph": "",
        "buggy_line": {},
        "cwe_id": []
    },
    "140906_CWE566_Authorization_Bypass_Through_SQL_Primary__Servlet_54a_goodG2B_41_49": {
        "filename": "140906_CWE566_Authorization_Bypass_Through_SQL_Primary__Servlet_54a",
        "function_name": "goodG2B",
        "code": "private void goodG2B(HttpServletRequest request, HttpServletResponse response) throws Throwable\n    {\n        String data;\n\n        /* FIX: Use a hardcoded user ID */\n        data = \"10\";\n\n        (new CWE566_Authorization_Bypass_Through_SQL_Primary__Servlet_54b()).goodG2BSink(data , request, response);\n    }",
        "label": 0,
        "graph": "",
        "buggy_line": {},
        "cwe_id": []
    },
    "140906_CWE566_Authorization_Bypass_Through_SQL_Primary__Servlet_54a_main_56_60": {
        "filename": "140906_CWE566_Authorization_Bypass_Through_SQL_Primary__Servlet_54a",
        "function_name": "main",
        "code": "public static void main(String[] args) throws ClassNotFoundException,\n           InstantiationException, IllegalAccessException\n    {\n        mainFromParent(args);\n    }",
        "label": 0,
        "graph": "",
        "buggy_line": {},
        "cwe_id": []
    }
}