{
    "141061_CWE601_Open_Redirect__Servlet_File_21_bad_39_66": {
        "filename": "141061_CWE601_Open_Redirect__Servlet_File_21",
        "function_name": "bad",
        "code": "public void bad(HttpServletRequest request, HttpServletResponse response) throws Throwable\n    {\n        String data;\n\n        badPrivate = true;\n        data = bad_source(request, response);\n\n        if (data != null)\n        {\n            /* This prevents \\r\\n (and other chars) and should prevent incidentals such\n             * as HTTP Response Splitting and HTTP Header Injection.\n             */\n            URI uri;\n            try\n            {\n                uri = new URI(data);\n            }\n            catch (URISyntaxException exceptURISyntax)\n            {\n                response.getWriter().write(\"Invalid redirect URL\");\n                return;\n            }\n            /* POTENTIAL FLAW: redirect is sent verbatim; escape the string to prevent ancillary issues like XSS, Response splitting etc */\n            response.sendRedirect(data);\n            return;\n        }\n\n    }",
        "label": 1,
        "graph": "",
        "buggy_line": {
            "62": "response.sendRedirect(data);"
        },
        "cwe_id": "CWE-601"
    },
    "141061_CWE601_Open_Redirect__Servlet_File_21_bad_source_68_144": {
        "filename": "141061_CWE601_Open_Redirect__Servlet_File_21",
        "function_name": "bad_source",
        "code": "private String bad_source(HttpServletRequest request, HttpServletResponse response) throws Throwable\n    {\n        String data;\n\n        if (badPrivate)\n        {\n            data = \"\"; /* Initialize data */\n            {\n                File file = new File(\"C:\\\\data.txt\");\n                FileInputStream streamFileInput = null;\n                InputStreamReader readerInputStream = null;\n                BufferedReader readerBuffered = null;\n                try\n                {\n                    /* read string from file into data */\n                    streamFileInput = new FileInputStream(file);\n                    readerInputStream = new InputStreamReader(streamFileInput, \"UTF-8\");\n                    readerBuffered = new BufferedReader(readerInputStream);\n                    /* POTENTIAL FLAW: Read data from a file */\n                    /* This will be reading the first \"line\" of the file, which\n                     * could be very long if there are little or no newlines in the file */\n                    data = readerBuffered.readLine();\n                }\n                catch (IOException exceptIO)\n                {\n                    IO.logger.log(Level.WARNING, \"Error with stream reading\", exceptIO);\n                }\n                finally\n                {\n                    /* Close stream reading objects */\n                    try\n                    {\n                        if (readerBuffered != null)\n                        {\n                            readerBuffered.close();\n                        }\n                    }\n                    catch (IOException exceptIO)\n                    {\n                        IO.logger.log(Level.WARNING, \"Error closing BufferedReader\", exceptIO);\n                    }\n\n                    try\n                    {\n                        if (readerInputStream != null)\n                        {\n                            readerInputStream.close();\n                        }\n                    }\n                    catch (IOException exceptIO)\n                    {\n                        IO.logger.log(Level.WARNING, \"Error closing InputStreamReader\", exceptIO);\n                    }\n\n                    try\n                    {\n                        if (streamFileInput != null)\n                        {\n                            streamFileInput.close();\n                        }\n                    }\n                    catch (IOException exceptIO)\n                    {\n                        IO.logger.log(Level.WARNING, \"Error closing FileInputStream\", exceptIO);\n                    }\n                }\n            }\n        }\n        else\n        {\n            /* INCIDENTAL: CWE 561 Dead Code, the code below will never run\n             * but ensure data is inititialized before the Sink to avoid compiler errors */\n            data = null;\n        }\n\n        return data;\n    }",
        "label": 1,
        "graph": "",
        "buggy_line": {
            "89": "data = readerBuffered.readLine();"
        },
        "cwe_id": "CWE-601"
    },
    "141061_CWE601_Open_Redirect__Servlet_File_21_good_150_154": {
        "filename": "141061_CWE601_Open_Redirect__Servlet_File_21",
        "function_name": "good",
        "code": "public void good(HttpServletRequest request, HttpServletResponse response) throws Throwable\n    {\n        goodG2B1(request, response);\n        goodG2B2(request, response);\n    }",
        "label": 0,
        "graph": "",
        "buggy_line": {},
        "cwe_id": []
    },
    "141061_CWE601_Open_Redirect__Servlet_File_21_goodG2B1_157_184": {
        "filename": "141061_CWE601_Open_Redirect__Servlet_File_21",
        "function_name": "goodG2B1",
        "code": "private void goodG2B1(HttpServletRequest request, HttpServletResponse response) throws Throwable\n    {\n        String data;\n\n        goodG2B1_private = false;\n        data = goodG2B1_source(request, response);\n\n        if (data != null)\n        {\n            /* This prevents \\r\\n (and other chars) and should prevent incidentals such\n             * as HTTP Response Splitting and HTTP Header Injection.\n             */\n            URI uri;\n            try\n            {\n                uri = new URI(data);\n            }\n            catch (URISyntaxException exceptURISyntax)\n            {\n                response.getWriter().write(\"Invalid redirect URL\");\n                return;\n            }\n            /* POTENTIAL FLAW: redirect is sent verbatim; escape the string to prevent ancillary issues like XSS, Response splitting etc */\n            response.sendRedirect(data);\n            return;\n        }\n\n    }",
        "label": 0,
        "graph": "",
        "buggy_line": {},
        "cwe_id": []
    },
    "141061_CWE601_Open_Redirect__Servlet_File_21_goodG2B1_source_186_205": {
        "filename": "141061_CWE601_Open_Redirect__Servlet_File_21",
        "function_name": "goodG2B1_source",
        "code": "private String goodG2B1_source(HttpServletRequest request, HttpServletResponse response) throws Throwable\n    {\n        String data = null;\n\n        if (goodG2B1_private)\n        {\n            /* INCIDENTAL: CWE 561 Dead Code, the code below will never run\n             * but ensure data is inititialized before the Sink to avoid compiler errors */\n            data = null;\n        }\n        else\n        {\n\n            /* FIX: Use a hardcoded string */\n            data = \"foo\";\n\n        }\n\n        return data;\n    }",
        "label": 0,
        "graph": "",
        "buggy_line": {},
        "cwe_id": []
    },
    "141061_CWE601_Open_Redirect__Servlet_File_21_goodG2B2_208_235": {
        "filename": "141061_CWE601_Open_Redirect__Servlet_File_21",
        "function_name": "goodG2B2",
        "code": "private void goodG2B2(HttpServletRequest request, HttpServletResponse response) throws Throwable\n    {\n        String data;\n\n        goodG2B2_private = true;\n        data = goodG2B2_source(request, response);\n\n        if (data != null)\n        {\n            /* This prevents \\r\\n (and other chars) and should prevent incidentals such\n             * as HTTP Response Splitting and HTTP Header Injection.\n             */\n            URI uri;\n            try\n            {\n                uri = new URI(data);\n            }\n            catch (URISyntaxException exceptURISyntax)\n            {\n                response.getWriter().write(\"Invalid redirect URL\");\n                return;\n            }\n            /* POTENTIAL FLAW: redirect is sent verbatim; escape the string to prevent ancillary issues like XSS, Response splitting etc */\n            response.sendRedirect(data);\n            return;\n        }\n\n    }",
        "label": 0,
        "graph": "",
        "buggy_line": {},
        "cwe_id": []
    },
    "141061_CWE601_Open_Redirect__Servlet_File_21_goodG2B2_source_237_254": {
        "filename": "141061_CWE601_Open_Redirect__Servlet_File_21",
        "function_name": "goodG2B2_source",
        "code": "private String goodG2B2_source(HttpServletRequest request, HttpServletResponse response) throws Throwable\n    {\n        String data = null;\n\n        if (goodG2B2_private)\n        {\n            /* FIX: Use a hardcoded string */\n            data = \"foo\";\n        }\n        else\n        {\n            /* INCIDENTAL: CWE 561 Dead Code, the code below will never run\n             * but ensure data is inititialized before the Sink to avoid compiler errors */\n            data = null;\n        }\n\n        return data;\n    }",
        "label": 0,
        "graph": "",
        "buggy_line": {},
        "cwe_id": []
    },
    "141061_CWE601_Open_Redirect__Servlet_File_21_main_261_265": {
        "filename": "141061_CWE601_Open_Redirect__Servlet_File_21",
        "function_name": "main",
        "code": "public static void main(String[] args) throws ClassNotFoundException,\n           InstantiationException, IllegalAccessException\n    {\n        mainFromParent(args);\n    }",
        "label": 0,
        "graph": "",
        "buggy_line": {},
        "cwe_id": []
    }
}